{
  "anchors": [
    5.47,
    5.84,
    4.97,
    6.09,
    5.62,
    4.31,
    5.84,
    5.09,
    4.06,
    5.75
  ],
  "inputs": {
    "input0": [
      224,
      224,
      3
    ]
  },
  "outputs": {
    "output0": [
      7,
      7,
      205
    ]
  },
  "params_quantity": 1990621,
  "loss": [
    [
      1,
      2.31401
    ],
    [
      2,
      0.72548
    ],
    [
      3,
      0.44086
    ],
    [
      4,
      0.19529
    ],
    [
      5,
      0.1634
    ],
    [
      6,
      0.73846
    ],
    [
      7,
      0.19689
    ],
    [
      8,
      0.12657
    ],
    [
      9,
      0.04017
    ],
    [
      10,
      0.02857
    ],
    [
      11,
      0.01804
    ],
    [
      12,
      0.00806
    ],
    [
      13,
      0.0056
    ],
    [
      14,
      0.00505
    ],
    [
      15,
      0.00524
    ],
    [
      16,
      0.0057
    ],
    [
      17,
      0.01001
    ],
    [
      18,
      0.01682
    ],
    [
      19,
      0.0077
    ],
    [
      20,
      0.00492
    ],
    [
      21,
      0.00355
    ],
    [
      22,
      0.00441
    ],
    [
      23,
      0.00371
    ],
    [
      24,
      0.00524
    ],
    [
      25,
      0.00615
    ],
    [
      26,
      0.00804
    ],
    [
      27,
      0.00693
    ],
    [
      28,
      0.0038
    ],
    [
      29,
      0.00445
    ],
    [
      30,
      0.00705
    ],
    [
      31,
      0.00566
    ],
    [
      32,
      0.00633
    ],
    [
      33,
      0.00922
    ],
    [
      34,
      0.00657
    ],
    [
      35,
      0.00917
    ],
    [
      36,
      0.00597
    ],
    [
      37,
      0.00265
    ],
    [
      38,
      0.00354
    ],
    [
      39,
      0.0026
    ],
    [
      40,
      0.00267
    ],
    [
      41,
      0.00955
    ],
    [
      42,
      0.00854
    ],
    [
      43,
      0.00814
    ],
    [
      44,
      0.0087
    ],
    [
      45,
      0.00293
    ],
    [
      46,
      0.00218
    ],
    [
      47,
      0.00217
    ],
    [
      48,
      0.00289
    ],
    [
      49,
      0.00661
    ],
    [
      50,
      0.00583
    ],
    [
      51,
      0.00377
    ],
    [
      52,
      0.01091
    ],
    [
      53,
      0.01102
    ],
    [
      54,
      0.02534
    ],
    [
      55,
      0.04652
    ],
    [
      56,
      0.00445
    ],
    [
      57,
      0.00186
    ],
    [
      58,
      0.00155
    ],
    [
      59,
      0.00179
    ],
    [
      60,
      0.00173
    ],
    [
      61,
      0.00114
    ],
    [
      62,
      0.00167
    ],
    [
      63,
      0.00149
    ],
    [
      64,
      0.00125
    ],
    [
      65,
      0.00112
    ],
    [
      66,
      0.00129
    ],
    [
      67,
      0.00137
    ],
    [
      68,
      0.00171
    ],
    [
      69,
      0.00238
    ],
    [
      70,
      0.00342
    ],
    [
      71,
      0.00409
    ],
    [
      72,
      0.00416
    ],
    [
      73,
      0.00292
    ],
    [
      74,
      0.0024
    ],
    [
      75,
      0.00278
    ],
    [
      76,
      0.00234
    ],
    [
      77,
      0.00176
    ],
    [
      78,
      0.00141
    ],
    [
      79,
      0.00105
    ],
    [
      80,
      0.00117
    ],
    [
      81,
      0.001
    ],
    [
      82,
      0.00096
    ],
    [
      83,
      0.00114
    ],
    [
      84,
      0.0008
    ],
    [
      85,
      0.00148
    ],
    [
      86,
      0.00131
    ],
    [
      87,
      0.00174
    ],
    [
      88,
      0.00167
    ],
    [
      89,
      0.00105
    ],
    [
      90,
      0.00069
    ],
    [
      91,
      0.00063
    ],
    [
      92,
      0.00133
    ],
    [
      93,
      0.00137
    ],
    [
      94,
      0.00115
    ],
    [
      95,
      0.00106
    ],
    [
      96,
      0.00112
    ],
    [
      97,
      0.00138
    ],
    [
      98,
      0.00172
    ],
    [
      99,
      0.00266
    ],
    [
      100,
      0.00214
    ],
    [
      101,
      0.00157
    ],
    [
      102,
      0.00114
    ],
    [
      103,
      0.00138
    ],
    [
      104,
      0.00068
    ],
    [
      105,
      0.00078
    ],
    [
      106,
      0.00134
    ],
    [
      107,
      0.00323
    ],
    [
      108,
      0.00495
    ],
    [
      109,
      0.00244
    ],
    [
      110,
      0.00835
    ],
    [
      111,
      0.00242
    ],
    [
      112,
      0.00157
    ],
    [
      113,
      0.00072
    ],
    [
      114,
      0.00052
    ],
    [
      115,
      0.00084
    ],
    [
      116,
      0.00089
    ],
    [
      117,
      0.00061
    ],
    [
      118,
      0.0007
    ],
    [
      119,
      0.00069
    ],
    [
      120,
      0.00094
    ],
    [
      121,
      0.00078
    ],
    [
      122,
      0.00067
    ],
    [
      123,
      0.00049
    ],
    [
      124,
      0.00054
    ],
    [
      125,
      0.0007
    ],
    [
      126,
      0.00116
    ],
    [
      127,
      0.00048
    ],
    [
      128,
      0.00036
    ],
    [
      129,
      0.00061
    ],
    [
      130,
      0.00153
    ],
    [
      131,
      0.00085
    ],
    [
      132,
      0.00041
    ],
    [
      133,
      0.0003
    ],
    [
      134,
      0.00082
    ],
    [
      135,
      0.00096
    ],
    [
      136,
      0.00087
    ],
    [
      137,
      0.00118
    ],
    [
      138,
      0.00159
    ],
    [
      139,
      0.0011
    ],
    [
      140,
      0.0008
    ],
    [
      141,
      0.00058
    ],
    [
      142,
      0.00073
    ],
    [
      143,
      0.00058
    ],
    [
      144,
      0.00106
    ],
    [
      145,
      0.00079
    ],
    [
      146,
      0.00061
    ],
    [
      147,
      0.00063
    ],
    [
      148,
      0.0008
    ],
    [
      149,
      0.00066
    ],
    [
      150,
      0.00052
    ],
    [
      151,
      0.00059
    ],
    [
      152,
      0.0006
    ],
    [
      153,
      0.00125
    ],
    [
      154,
      0.0011
    ],
    [
      155,
      0.00077
    ],
    [
      156,
      0.00048
    ],
    [
      157,
      0.0004
    ],
    [
      158,
      0.00043
    ],
    [
      159,
      0.0003
    ],
    [
      160,
      0.00025
    ],
    [
      161,
      0.00027
    ],
    [
      162,
      0.00038
    ],
    [
      163,
      0.00037
    ],
    [
      164,
      0.00022
    ],
    [
      165,
      0.00023
    ],
    [
      166,
      0.00047
    ],
    [
      167,
      0.00043
    ],
    [
      168,
      0.00033
    ],
    [
      169,
      0.00044
    ],
    [
      170,
      0.00036
    ],
    [
      171,
      0.00027
    ],
    [
      172,
      0.00043
    ],
    [
      173,
      0.00025
    ],
    [
      174,
      0.00015
    ],
    [
      175,
      0.0002
    ],
    [
      176,
      0.0003
    ],
    [
      177,
      0.00028
    ],
    [
      178,
      0.00058
    ],
    [
      179,
      0.00054
    ],
    [
      180,
      0.00037
    ],
    [
      181,
      0.00029
    ],
    [
      182,
      0.00071
    ],
    [
      183,
      0.00489
    ],
    [
      184,
      0.00223
    ],
    [
      185,
      0.00151
    ],
    [
      186,
      0.00105
    ],
    [
      187,
      0.00044
    ],
    [
      188,
      0.00028
    ],
    [
      189,
      0.00025
    ],
    [
      190,
      0.00024
    ],
    [
      191,
      0.00019
    ],
    [
      192,
      0.00018
    ],
    [
      193,
      0.00029
    ],
    [
      194,
      0.00021
    ],
    [
      195,
      0.00029
    ],
    [
      196,
      0.00029
    ],
    [
      197,
      0.00021
    ],
    [
      198,
      0.00017
    ],
    [
      199,
      0.00017
    ],
    [
      200,
      0.00016
    ]
  ],
  "acc": [
    [
      1,
      0.0534
    ],
    [
      2,
      0.06071
    ],
    [
      3,
      0.06238
    ],
    [
      4,
      0.05719
    ],
    [
      5,
      0.05606
    ],
    [
      6,
      0.31979
    ],
    [
      7,
      0.31445
    ],
    [
      8,
      0.29934
    ],
    [
      9,
      0.29356
    ],
    [
      10,
      0.29231
    ],
    [
      11,
      0.2916
    ],
    [
      12,
      0.28974
    ],
    [
      13,
      0.2908
    ],
    [
      14,
      0.29207
    ],
    [
      15,
      0.29496
    ],
    [
      16,
      0.2961
    ],
    [
      17,
      0.29739
    ],
    [
      18,
      0.29874
    ],
    [
      19,
      0.29825
    ],
    [
      20,
      0.29884
    ],
    [
      21,
      0.30246
    ],
    [
      22,
      0.3035
    ],
    [
      23,
      0.30315
    ],
    [
      24,
      0.30241
    ],
    [
      25,
      0.30217
    ],
    [
      26,
      0.30181
    ],
    [
      27,
      0.30191
    ],
    [
      28,
      0.30305
    ],
    [
      29,
      0.3031
    ],
    [
      30,
      0.30232
    ],
    [
      31,
      0.30083
    ],
    [
      32,
      0.29941
    ],
    [
      33,
      0.29477
    ],
    [
      34,
      0.29452
    ],
    [
      35,
      0.29601
    ],
    [
      36,
      0.29604
    ],
    [
      37,
      0.29649
    ],
    [
      38,
      0.29586
    ],
    [
      39,
      0.29664
    ],
    [
      40,
      0.2973
    ],
    [
      41,
      0.29766
    ],
    [
      42,
      0.29617
    ],
    [
      43,
      0.29558
    ],
    [
      44,
      0.29574
    ],
    [
      45,
      0.29588
    ],
    [
      46,
      0.29592
    ],
    [
      47,
      0.29527
    ],
    [
      48,
      0.29526
    ],
    [
      49,
      0.29498
    ],
    [
      50,
      0.29451
    ],
    [
      51,
      0.29451
    ],
    [
      52,
      0.2946
    ],
    [
      53,
      0.29304
    ],
    [
      54,
      0.29062
    ],
    [
      55,
      0.29157
    ],
    [
      56,
      0.29122
    ],
    [
      57,
      0.29087
    ],
    [
      58,
      0.29101
    ],
    [
      59,
      0.29049
    ],
    [
      60,
      0.29023
    ],
    [
      61,
      0.2906
    ],
    [
      62,
      0.29035
    ],
    [
      63,
      0.2894
    ],
    [
      64,
      0.28995
    ],
    [
      65,
      0.29071
    ],
    [
      66,
      0.29051
    ],
    [
      67,
      0.29099
    ],
    [
      68,
      0.29121
    ],
    [
      69,
      0.28998
    ],
    [
      70,
      0.29136
    ],
    [
      71,
      0.29038
    ],
    [
      72,
      0.28958
    ],
    [
      73,
      0.28927
    ],
    [
      74,
      0.28932
    ],
    [
      75,
      0.28932
    ],
    [
      76,
      0.28812
    ],
    [
      77,
      0.28715
    ],
    [
      78,
      0.28794
    ],
    [
      79,
      0.28718
    ],
    [
      80,
      0.28726
    ],
    [
      81,
      0.28711
    ],
    [
      82,
      0.28761
    ],
    [
      83,
      0.2879
    ],
    [
      84,
      0.28775
    ],
    [
      85,
      0.28795
    ],
    [
      86,
      0.28801
    ],
    [
      87,
      0.28766
    ],
    [
      88,
      0.28796
    ],
    [
      89,
      0.28766
    ],
    [
      90,
      0.2885
    ],
    [
      91,
      0.28786
    ],
    [
      92,
      0.2878
    ],
    [
      93,
      0.28701
    ],
    [
      94,
      0.28714
    ],
    [
      95,
      0.28694
    ],
    [
      96,
      0.28676
    ],
    [
      97,
      0.28621
    ],
    [
      98,
      0.28654
    ],
    [
      99,
      0.2854
    ],
    [
      100,
      0.28522
    ],
    [
      101,
      0.28589
    ],
    [
      102,
      0.28659
    ],
    [
      103,
      0.28695
    ],
    [
      104,
      0.28764
    ],
    [
      105,
      0.28742
    ],
    [
      106,
      0.28664
    ],
    [
      107,
      0.28798
    ],
    [
      108,
      0.2885
    ],
    [
      109,
      0.28761
    ],
    [
      110,
      0.28735
    ],
    [
      111,
      0.28656
    ],
    [
      112,
      0.28596
    ],
    [
      113,
      0.28513
    ],
    [
      114,
      0.28516
    ],
    [
      115,
      0.28516
    ],
    [
      116,
      0.28463
    ],
    [
      117,
      0.28479
    ],
    [
      118,
      0.28559
    ],
    [
      119,
      0.28567
    ],
    [
      120,
      0.28615
    ],
    [
      121,
      0.28569
    ],
    [
      122,
      0.2855
    ],
    [
      123,
      0.28504
    ],
    [
      124,
      0.28483
    ],
    [
      125,
      0.28497
    ],
    [
      126,
      0.28582
    ],
    [
      127,
      0.28528
    ],
    [
      128,
      0.28551
    ],
    [
      129,
      0.28567
    ],
    [
      130,
      0.28585
    ],
    [
      131,
      0.28574
    ],
    [
      132,
      0.28597
    ],
    [
      133,
      0.28571
    ],
    [
      134,
      0.28556
    ],
    [
      135,
      0.2861
    ],
    [
      136,
      0.28574
    ],
    [
      137,
      0.28547
    ],
    [
      138,
      0.2852
    ],
    [
      139,
      0.2858
    ],
    [
      140,
      0.28541
    ],
    [
      141,
      0.28549
    ],
    [
      142,
      0.28591
    ],
    [
      143,
      0.2857
    ],
    [
      144,
      0.28445
    ],
    [
      145,
      0.28476
    ],
    [
      146,
      0.28476
    ],
    [
      147,
      0.28467
    ],
    [
      148,
      0.28491
    ],
    [
      149,
      0.28456
    ],
    [
      150,
      0.28417
    ],
    [
      151,
      0.28352
    ],
    [
      152,
      0.28362
    ],
    [
      153,
      0.28436
    ],
    [
      154,
      0.28393
    ],
    [
      155,
      0.28423
    ],
    [
      156,
      0.28419
    ],
    [
      157,
      0.28411
    ],
    [
      158,
      0.28392
    ],
    [
      159,
      0.28418
    ],
    [
      160,
      0.28394
    ],
    [
      161,
      0.28357
    ],
    [
      162,
      0.28434
    ],
    [
      163,
      0.28508
    ],
    [
      164,
      0.28447
    ],
    [
      165,
      0.28485
    ],
    [
      166,
      0.28469
    ],
    [
      167,
      0.28473
    ],
    [
      168,
      0.28485
    ],
    [
      169,
      0.28454
    ],
    [
      170,
      0.28551
    ],
    [
      171,
      0.28527
    ],
    [
      172,
      0.2857
    ],
    [
      173,
      0.28491
    ],
    [
      174,
      0.28494
    ],
    [
      175,
      0.28563
    ],
    [
      176,
      0.28496
    ],
    [
      177,
      0.28466
    ],
    [
      178,
      0.28485
    ],
    [
      179,
      0.28476
    ],
    [
      180,
      0.28496
    ],
    [
      181,
      0.28495
    ],
    [
      182,
      0.28487
    ],
    [
      183,
      0.28464
    ],
    [
      184,
      0.28409
    ],
    [
      185,
      0.28421
    ],
    [
      186,
      0.28497
    ],
    [
      187,
      0.28548
    ],
    [
      188,
      0.28493
    ],
    [
      189,
      0.28485
    ],
    [
      190,
      0.28501
    ],
    [
      191,
      0.28468
    ],
    [
      192,
      0.28509
    ],
    [
      193,
      0.28494
    ],
    [
      194,
      0.28475
    ],
    [
      195,
      0.28481
    ],
    [
      196,
      0.28488
    ],
    [
      197,
      0.28495
    ],
    [
      198,
      0.28501
    ],
    [
      199,
      0.28574
    ],
    [
      200,
      0.28511
    ]
  ],
  "lr": [
    [
      1,
      0.001
    ],
    [
      2,
      0.00099
    ],
    [
      3,
      0.00098
    ],
    [
      4,
      0.00097
    ],
    [
      5,
      0.00095
    ],
    [
      6,
      0.00094
    ],
    [
      7,
      0.00093
    ],
    [
      8,
      0.00092
    ],
    [
      9,
      0.00091
    ],
    [
      10,
      0.0009
    ],
    [
      11,
      0.00089
    ],
    [
      12,
      0.00088
    ],
    [
      13,
      0.00087
    ],
    [
      14,
      0.00086
    ],
    [
      15,
      0.00085
    ],
    [
      16,
      0.00084
    ],
    [
      17,
      0.00083
    ],
    [
      18,
      0.00082
    ],
    [
      19,
      0.00081
    ],
    [
      20,
      0.0008
    ],
    [
      21,
      0.00079
    ],
    [
      22,
      0.00079
    ],
    [
      23,
      0.00078
    ],
    [
      24,
      0.00077
    ],
    [
      25,
      0.00076
    ],
    [
      26,
      0.00075
    ],
    [
      27,
      0.00074
    ],
    [
      28,
      0.00073
    ],
    [
      29,
      0.00072
    ],
    [
      30,
      0.00072
    ],
    [
      31,
      0.00071
    ],
    [
      32,
      0.0007
    ],
    [
      33,
      0.00069
    ],
    [
      34,
      0.00068
    ],
    [
      35,
      0.00068
    ],
    [
      36,
      0.00067
    ],
    [
      37,
      0.00066
    ],
    [
      38,
      0.00065
    ],
    [
      39,
      0.00065
    ],
    [
      40,
      0.00064
    ],
    [
      41,
      0.00063
    ],
    [
      42,
      0.00062
    ],
    [
      43,
      0.00062
    ],
    [
      44,
      0.00061
    ],
    [
      45,
      0.0006
    ],
    [
      46,
      0.0006
    ],
    [
      47,
      0.00059
    ],
    [
      48,
      0.00058
    ],
    [
      49,
      0.00058
    ],
    [
      50,
      0.00057
    ],
    [
      51,
      0.00056
    ],
    [
      52,
      0.00056
    ],
    [
      53,
      0.00055
    ],
    [
      54,
      0.00054
    ],
    [
      55,
      0.00054
    ],
    [
      56,
      0.00053
    ],
    [
      57,
      0.00052
    ],
    [
      58,
      0.00052
    ],
    [
      59,
      0.00051
    ],
    [
      60,
      0.00051
    ],
    [
      61,
      0.0005
    ],
    [
      62,
      0.0005
    ],
    [
      63,
      0.00049
    ],
    [
      64,
      0.00048
    ],
    [
      65,
      0.00048
    ],
    [
      66,
      0.00047
    ],
    [
      67,
      0.00047
    ],
    [
      68,
      0.00046
    ],
    [
      69,
      0.00046
    ],
    [
      70,
      0.00045
    ],
    [
      71,
      0.00045
    ],
    [
      72,
      0.00044
    ],
    [
      73,
      0.00044
    ],
    [
      74,
      0.00043
    ],
    [
      75,
      0.00043
    ],
    [
      76,
      0.00042
    ],
    [
      77,
      0.00042
    ],
    [
      78,
      0.00041
    ],
    [
      79,
      0.00041
    ],
    [
      80,
      0.0004
    ],
    [
      81,
      0.0004
    ],
    [
      82,
      0.00039
    ],
    [
      83,
      0.00039
    ],
    [
      84,
      0.00038
    ],
    [
      85,
      0.00038
    ],
    [
      86,
      0.00038
    ],
    [
      87,
      0.00037
    ],
    [
      88,
      0.00037
    ],
    [
      89,
      0.00036
    ],
    [
      90,
      0.00036
    ],
    [
      91,
      0.00035
    ],
    [
      92,
      0.00035
    ],
    [
      93,
      0.00035
    ],
    [
      94,
      0.00034
    ],
    [
      95,
      0.00034
    ],
    [
      96,
      0.00033
    ],
    [
      97,
      0.00033
    ],
    [
      98,
      0.00033
    ],
    [
      99,
      0.00032
    ],
    [
      100,
      0.00032
    ],
    [
      101,
      0.00032
    ],
    [
      102,
      0.00031
    ],
    [
      103,
      0.00031
    ],
    [
      104,
      0.00031
    ],
    [
      105,
      0.0003
    ],
    [
      106,
      0.0003
    ],
    [
      107,
      0.0003
    ],
    [
      108,
      0.00029
    ],
    [
      109,
      0.00029
    ],
    [
      110,
      0.00029
    ],
    [
      111,
      0.00028
    ],
    [
      112,
      0.00028
    ],
    [
      113,
      0.00028
    ],
    [
      114,
      0.00027
    ],
    [
      115,
      0.00027
    ],
    [
      116,
      0.00027
    ],
    [
      117,
      0.00026
    ],
    [
      118,
      0.00026
    ],
    [
      119,
      0.00026
    ],
    [
      120,
      0.00025
    ],
    [
      121,
      0.00025
    ],
    [
      122,
      0.00025
    ],
    [
      123,
      0.00025
    ],
    [
      124,
      0.00024
    ],
    [
      125,
      0.00024
    ],
    [
      126,
      0.00024
    ],
    [
      127,
      0.00023
    ],
    [
      128,
      0.00023
    ],
    [
      129,
      0.00023
    ],
    [
      130,
      0.00023
    ],
    [
      131,
      0.00022
    ],
    [
      132,
      0.00022
    ],
    [
      133,
      0.00022
    ],
    [
      134,
      0.00022
    ],
    [
      135,
      0.00021
    ],
    [
      136,
      0.00021
    ],
    [
      137,
      0.00021
    ],
    [
      138,
      0.00021
    ],
    [
      139,
      0.0002
    ],
    [
      140,
      0.0002
    ],
    [
      141,
      0.0002
    ],
    [
      142,
      0.0002
    ],
    [
      143,
      0.00019
    ],
    [
      144,
      0.00019
    ],
    [
      145,
      0.00019
    ],
    [
      146,
      0.00019
    ],
    [
      147,
      0.00019
    ],
    [
      148,
      0.00018
    ],
    [
      149,
      0.00018
    ],
    [
      150,
      0.00018
    ],
    [
      151,
      0.00018
    ],
    [
      152,
      0.00018
    ],
    [
      153,
      0.00017
    ],
    [
      154,
      0.00017
    ],
    [
      155,
      0.00017
    ],
    [
      156,
      0.00017
    ],
    [
      157,
      0.00017
    ],
    [
      158,
      0.00016
    ],
    [
      159,
      0.00016
    ],
    [
      160,
      0.00016
    ],
    [
      161,
      0.00016
    ],
    [
      162,
      0.00016
    ],
    [
      163,
      0.00015
    ],
    [
      164,
      0.00015
    ],
    [
      165,
      0.00015
    ],
    [
      166,
      0.00015
    ],
    [
      167,
      0.00015
    ],
    [
      168,
      0.00015
    ],
    [
      169,
      0.00014
    ],
    [
      170,
      0.00014
    ],
    [
      171,
      0.00014
    ],
    [
      172,
      0.00014
    ],
    [
      173,
      0.00014
    ],
    [
      174,
      0.00014
    ],
    [
      175,
      0.00013
    ],
    [
      176,
      0.00013
    ],
    [
      177,
      0.00013
    ],
    [
      178,
      0.00013
    ],
    [
      179,
      0.00013
    ],
    [
      180,
      0.00013
    ],
    [
      181,
      0.00013
    ],
    [
      182,
      0.00012
    ],
    [
      183,
      0.00012
    ],
    [
      184,
      0.00012
    ],
    [
      185,
      0.00012
    ],
    [
      186,
      0.00012
    ],
    [
      187,
      0.00012
    ],
    [
      188,
      0.00012
    ],
    [
      189,
      0.00011
    ],
    [
      190,
      0.00011
    ],
    [
      191,
      0.00011
    ],
    [
      192,
      0.00011
    ],
    [
      193,
      0.00011
    ],
    [
      194,
      0.00011
    ],
    [
      195,
      0.00011
    ],
    [
      196,
      0.00011
    ],
    [
      197,
      0.0001
    ],
    [
      198,
      0.0001
    ],
    [
      199,
      0.0001
    ],
    [
      200,
      0.0001
    ]
  ],
  "val_acc": [
    [
      10,
      0.60481
    ],
    [
      20,
      0.89909
    ],
    [
      30,
      0.86563
    ],
    [
      40,
      0.88663
    ],
    [
      50,
      0.88074
    ],
    [
      60,
      0.86743
    ],
    [
      70,
      0.86588
    ],
    [
      80,
      0.85598
    ],
    [
      90,
      0.84136
    ],
    [
      100,
      0.85202
    ],
    [
      110,
      0.83646
    ],
    [
      120,
      0.82148
    ],
    [
      130,
      0.82688
    ],
    [
      140,
      0.83341
    ],
    [
      150,
      0.81623
    ],
    [
      160,
      0.82402
    ],
    [
      170,
      0.81535
    ],
    [
      180,
      0.8125
    ],
    [
      190,
      0.82008
    ],
    [
      200,
      0.82008
    ]
  ],
  "AP_T": [
    [
      10,
      0.0
    ],
    [
      20,
      0.55556
    ],
    [
      30,
      0.55556
    ],
    [
      40,
      0.55556
    ],
    [
      50,
      0.55556
    ],
    [
      60,
      0.55556
    ],
    [
      70,
      0.55556
    ],
    [
      80,
      0.46694
    ],
    [
      90,
      0.55556
    ],
    [
      100,
      0.55556
    ],
    [
      110,
      0.46694
    ],
    [
      120,
      0.46694
    ],
    [
      130,
      0.46694
    ],
    [
      140,
      0.46694
    ],
    [
      150,
      0.46694
    ],
    [
      160,
      0.46694
    ],
    [
      170,
      0.46694
    ],
    [
      180,
      0.46694
    ],
    [
      190,
      0.46694
    ],
    [
      200,
      0.46694
    ]
  ],
  "AP_2": [
    [
      10,
      1.0
    ],
    [
      20,
      1.0
    ],
    [
      30,
      1.0
    ],
    [
      40,
      1.0
    ],
    [
      50,
      1.0
    ],
    [
      60,
      1.0
    ],
    [
      70,
      1.0
    ],
    [
      80,
      1.0
    ],
    [
      90,
      1.0
    ],
    [
      100,
      1.0
    ],
    [
      110,
      1.0
    ],
    [
      120,
      1.0
    ],
    [
      130,
      1.0
    ],
    [
      140,
      1.0
    ],
    [
      150,
      1.0
    ],
    [
      160,
      1.0
    ],
    [
      170,
      1.0
    ],
    [
      180,
      1.0
    ],
    [
      190,
      1.0
    ],
    [
      200,
      1.0
    ]
  ],
  "AP_Y": [
    [
      10,
      1.0
    ],
    [
      20,
      1.0
    ],
    [
      30,
      1.0
    ],
    [
      40,
      1.0
    ],
    [
      50,
      1.0
    ],
    [
      60,
      1.0
    ],
    [
      70,
      1.0
    ],
    [
      80,
      1.0
    ],
    [
      90,
      1.0
    ],
    [
      100,
      1.0
    ],
    [
      110,
      1.0
    ],
    [
      120,
      1.0
    ],
    [
      130,
      1.0
    ],
    [
      140,
      1.0
    ],
    [
      150,
      1.0
    ],
    [
      160,
      1.0
    ],
    [
      170,
      1.0
    ],
    [
      180,
      1.0
    ],
    [
      190,
      1.0
    ],
    [
      200,
      1.0
    ]
  ],
  "AP_6": [
    [
      10,
      1.0
    ],
    [
      20,
      1.0
    ],
    [
      30,
      1.0
    ],
    [
      40,
      1.0
    ],
    [
      50,
      1.0
    ],
    [
      60,
      1.0
    ],
    [
      70,
      1.0
    ],
    [
      80,
      1.0
    ],
    [
      90,
      1.0
    ],
    [
      100,
      1.0
    ],
    [
      110,
      1.0
    ],
    [
      120,
      1.0
    ],
    [
      130,
      1.0
    ],
    [
      140,
      1.0
    ],
    [
      150,
      1.0
    ],
    [
      160,
      1.0
    ],
    [
      170,
      1.0
    ],
    [
      180,
      1.0
    ],
    [
      190,
      1.0
    ],
    [
      200,
      1.0
    ]
  ],
  "AP_H": [
    [
      10,
      0.27273
    ],
    [
      20,
      1.0
    ],
    [
      30,
      1.0
    ],
    [
      40,
      1.0
    ],
    [
      50,
      1.0
    ],
    [
      60,
      1.0
    ],
    [
      70,
      1.0
    ],
    [
      80,
      1.0
    ],
    [
      90,
      1.0
    ],
    [
      100,
      1.0
    ],
    [
      110,
      1.0
    ],
    [
      120,
      1.0
    ],
    [
      130,
      1.0
    ],
    [
      140,
      1.0
    ],
    [
      150,
      1.0
    ],
    [
      160,
      1.0
    ],
    [
      170,
      1.0
    ],
    [
      180,
      1.0
    ],
    [
      190,
      1.0
    ],
    [
      200,
      1.0
    ]
  ],
  "AP_N": [
    [
      10,
      1.0
    ],
    [
      20,
      1.0
    ],
    [
      30,
      1.0
    ],
    [
      40,
      1.0
    ],
    [
      50,
      1.0
    ],
    [
      60,
      1.0
    ],
    [
      70,
      1.0
    ],
    [
      80,
      1.0
    ],
    [
      90,
      1.0
    ],
    [
      100,
      1.0
    ],
    [
      110,
      1.0
    ],
    [
      120,
      1.0
    ],
    [
      130,
      1.0
    ],
    [
      140,
      1.0
    ],
    [
      150,
      1.0
    ],
    [
      160,
      1.0
    ],
    [
      170,
      1.0
    ],
    [
      180,
      1.0
    ],
    [
      190,
      1.0
    ],
    [
      200,
      1.0
    ]
  ],
  "AP_R": [
    [
      10,
      0.34545
    ],
    [
      20,
      0.72727
    ],
    [
      30,
      0.72727
    ],
    [
      40,
      0.72727
    ],
    [
      50,
      0.72727
    ],
    [
      60,
      0.72727
    ],
    [
      70,
      0.72727
    ],
    [
      80,
      0.72727
    ],
    [
      90,
      0.67483
    ],
    [
      100,
      0.67483
    ],
    [
      110,
      0.67483
    ],
    [
      120,
      0.67483
    ],
    [
      130,
      0.67483
    ],
    [
      140,
      0.67483
    ],
    [
      150,
      0.67483
    ],
    [
      160,
      0.67483
    ],
    [
      170,
      0.67483
    ],
    [
      180,
      0.67483
    ],
    [
      190,
      0.67483
    ],
    [
      200,
      0.67483
    ]
  ],
  "AP_J": [
    [
      10,
      0.0
    ],
    [
      20,
      0.83333
    ],
    [
      30,
      0.83333
    ],
    [
      40,
      1.0
    ],
    [
      50,
      1.0
    ],
    [
      60,
      1.0
    ],
    [
      70,
      1.0
    ],
    [
      80,
      1.0
    ],
    [
      90,
      1.0
    ],
    [
      100,
      1.0
    ],
    [
      110,
      1.0
    ],
    [
      120,
      1.0
    ],
    [
      130,
      0.83333
    ],
    [
      140,
      0.83333
    ],
    [
      150,
      0.83333
    ],
    [
      160,
      0.83333
    ],
    [
      170,
      0.83333
    ],
    [
      180,
      0.83333
    ],
    [
      190,
      0.83333
    ],
    [
      200,
      0.83333
    ]
  ],
  "AP_U": [
    [
      10,
      0.80682
    ],
    [
      20,
      1.0
    ],
    [
      30,
      0.79798
    ],
    [
      40,
      0.79798
    ],
    [
      50,
      1.0
    ],
    [
      60,
      0.79798
    ],
    [
      70,
      0.79798
    ],
    [
      80,
      0.79798
    ],
    [
      90,
      0.79798
    ],
    [
      100,
      0.79798
    ],
    [
      110,
      0.79798
    ],
    [
      120,
      0.79798
    ],
    [
      130,
      0.79798
    ],
    [
      140,
      0.79798
    ],
    [
      150,
      0.79798
    ],
    [
      160,
      0.79798
    ],
    [
      170,
      0.79798
    ],
    [
      180,
      0.79798
    ],
    [
      190,
      0.79798
    ],
    [
      200,
      0.79798
    ]
  ],
  "AP_B": [
    [
      10,
      0.27273
    ],
    [
      20,
      0.71429
    ],
    [
      30,
      0.71429
    ],
    [
      40,
      0.71429
    ],
    [
      50,
      0.71429
    ],
    [
      60,
      0.71429
    ],
    [
      70,
      0.65909
    ],
    [
      80,
      0.65909
    ],
    [
      90,
      0.71429
    ],
    [
      100,
      0.55844
    ],
    [
      110,
      0.55844
    ],
    [
      120,
      0.55018
    ],
    [
      130,
      0.55018
    ],
    [
      140,
      0.55844
    ],
    [
      150,
      0.55018
    ],
    [
      160,
      0.55018
    ],
    [
      170,
      0.55018
    ],
    [
      180,
      0.55018
    ],
    [
      190,
      0.55018
    ],
    [
      200,
      0.55018
    ]
  ],
  "AP_O": [
    [
      10,
      0.76818
    ],
    [
      20,
      0.47902
    ],
    [
      30,
      0.47902
    ],
    [
      40,
      0.47902
    ],
    [
      50,
      0.47902
    ],
    [
      60,
      0.47902
    ],
    [
      70,
      0.47902
    ],
    [
      80,
      0.47902
    ],
    [
      90,
      0.47902
    ],
    [
      100,
      0.42857
    ],
    [
      110,
      0.42857
    ],
    [
      120,
      0.42857
    ],
    [
      130,
      0.42857
    ],
    [
      140,
      0.42857
    ],
    [
      150,
      0.42857
    ],
    [
      160,
      0.42857
    ],
    [
      170,
      0.42857
    ],
    [
      180,
      0.42857
    ],
    [
      190,
      0.42857
    ],
    [
      200,
      0.42857
    ]
  ],
  "AP_P": [
    [
      10,
      0.81818
    ],
    [
      20,
      1.0
    ],
    [
      30,
      1.0
    ],
    [
      40,
      1.0
    ],
    [
      50,
      1.0
    ],
    [
      60,
      1.0
    ],
    [
      70,
      1.0
    ],
    [
      80,
      0.79545
    ],
    [
      90,
      0.79545
    ],
    [
      100,
      0.79545
    ],
    [
      110,
      0.79545
    ],
    [
      120,
      0.79545
    ],
    [
      130,
      0.79545
    ],
    [
      140,
      0.79545
    ],
    [
      150,
      0.79545
    ],
    [
      160,
      0.79545
    ],
    [
      170,
      0.79545
    ],
    [
      180,
      0.79545
    ],
    [
      190,
      0.79545
    ],
    [
      200,
      0.79545
    ]
  ],
  "AP_Q": [
    [
      10,
      0.45455
    ],
    [
      20,
      1.0
    ],
    [
      30,
      0.73719
    ],
    [
      40,
      0.73719
    ],
    [
      50,
      0.73719
    ],
    [
      60,
      0.73719
    ],
    [
      70,
      0.73719
    ],
    [
      80,
      0.73719
    ],
    [
      90,
      0.73719
    ],
    [
      100,
      0.73719
    ],
    [
      110,
      0.73719
    ],
    [
      120,
      0.73719
    ],
    [
      130,
      0.73719
    ],
    [
      140,
      0.71948
    ],
    [
      150,
      0.71948
    ],
    [
      160,
      0.73719
    ],
    [
      170,
      0.71948
    ],
    [
      180,
      0.71948
    ],
    [
      190,
      0.71948
    ],
    [
      200,
      0.71948
    ]
  ],
  "AP_0": [
    [
      10,
      1.0
    ],
    [
      20,
      1.0
    ],
    [
      30,
      0.83333
    ],
    [
      40,
      0.71429
    ],
    [
      50,
      0.71429
    ],
    [
      60,
      0.71429
    ],
    [
      70,
      0.71429
    ],
    [
      80,
      0.71429
    ],
    [
      90,
      0.71429
    ],
    [
      100,
      0.71429
    ],
    [
      110,
      0.71429
    ],
    [
      120,
      0.71429
    ],
    [
      130,
      0.71429
    ],
    [
      140,
      0.71429
    ],
    [
      150,
      0.71429
    ],
    [
      160,
      0.71429
    ],
    [
      170,
      0.71429
    ],
    [
      180,
      0.71429
    ],
    [
      190,
      0.71429
    ],
    [
      200,
      0.71429
    ]
  ],
  "AP_C": [
    [
      10,
      1.0
    ],
    [
      20,
      0.55524
    ],
    [
      30,
      0.51515
    ],
    [
      40,
      0.63636
    ],
    [
      50,
      0.55524
    ],
    [
      60,
      0.55524
    ],
    [
      70,
      0.55524
    ],
    [
      80,
      0.55524
    ],
    [
      90,
      0.55524
    ],
    [
      100,
      0.55524
    ],
    [
      110,
      0.63636
    ],
    [
      120,
      0.63636
    ],
    [
      130,
      0.63636
    ],
    [
      140,
      0.63636
    ],
    [
      150,
      0.63636
    ],
    [
      160,
      0.63636
    ],
    [
      170,
      0.63636
    ],
    [
      180,
      0.63636
    ],
    [
      190,
      0.63636
    ],
    [
      200,
      0.63636
    ]
  ],
  "AP_1": [
    [
      10,
      0.0
    ],
    [
      20,
      1.0
    ],
    [
      30,
      1.0
    ],
    [
      40,
      1.0
    ],
    [
      50,
      1.0
    ],
    [
      60,
      1.0
    ],
    [
      70,
      1.0
    ],
    [
      80,
      1.0
    ],
    [
      90,
      1.0
    ],
    [
      100,
      1.0
    ],
    [
      110,
      1.0
    ],
    [
      120,
      1.0
    ],
    [
      130,
      1.0
    ],
    [
      140,
      1.0
    ],
    [
      150,
      1.0
    ],
    [
      160,
      1.0
    ],
    [
      170,
      1.0
    ],
    [
      180,
      1.0
    ],
    [
      190,
      1.0
    ],
    [
      200,
      1.0
    ]
  ],
  "AP_4": [
    [
      10,
      0.79221
    ],
    [
      20,
      0.79221
    ],
    [
      30,
      0.79221
    ],
    [
      40,
      0.79221
    ],
    [
      50,
      0.79221
    ],
    [
      60,
      0.79221
    ],
    [
      70,
      0.79221
    ],
    [
      80,
      0.79221
    ],
    [
      90,
      0.79221
    ],
    [
      100,
      0.79221
    ],
    [
      110,
      0.79221
    ],
    [
      120,
      0.79221
    ],
    [
      130,
      0.79221
    ],
    [
      140,
      0.79221
    ],
    [
      150,
      0.79221
    ],
    [
      160,
      0.79221
    ],
    [
      170,
      0.79221
    ],
    [
      180,
      0.79221
    ],
    [
      190,
      0.79221
    ],
    [
      200,
      0.79221
    ]
  ],
  "AP_9": [
    [
      10,
      0.0
    ],
    [
      20,
      1.0
    ],
    [
      30,
      0.72727
    ],
    [
      40,
      1.0
    ],
    [
      50,
      0.72727
    ],
    [
      60,
      1.0
    ],
    [
      70,
      1.0
    ],
    [
      80,
      1.0
    ],
    [
      90,
      1.0
    ],
    [
      100,
      1.0
    ],
    [
      110,
      1.0
    ],
    [
      120,
      0.67677
    ],
    [
      130,
      0.67677
    ],
    [
      140,
      0.72727
    ],
    [
      150,
      0.72727
    ],
    [
      160,
      0.72727
    ],
    [
      170,
      0.72727
    ],
    [
      180,
      0.72727
    ],
    [
      190,
      1.0
    ],
    [
      200,
      1.0
    ]
  ],
  "AP_G": [
    [
      10,
      1.0
    ],
    [
      20,
      1.0
    ],
    [
      30,
      0.61443
    ],
    [
      40,
      0.87727
    ],
    [
      50,
      0.87727
    ],
    [
      60,
      0.5697
    ],
    [
      70,
      0.27727
    ],
    [
      80,
      0.36433
    ],
    [
      90,
      0.36433
    ],
    [
      100,
      0.36433
    ],
    [
      110,
      0.32955
    ],
    [
      120,
      0.32955
    ],
    [
      130,
      0.36433
    ],
    [
      140,
      0.32955
    ],
    [
      150,
      0.32955
    ],
    [
      160,
      0.32955
    ],
    [
      170,
      0.32955
    ],
    [
      180,
      0.28182
    ],
    [
      190,
      0.28182
    ],
    [
      200,
      0.28182
    ]
  ],
  "AP_V": [
    [
      10,
      1.0
    ],
    [
      20,
      0.73737
    ],
    [
      30,
      1.0
    ],
    [
      40,
      1.0
    ],
    [
      50,
      1.0
    ],
    [
      60,
      1.0
    ],
    [
      70,
      1.0
    ],
    [
      80,
      1.0
    ],
    [
      90,
      1.0
    ],
    [
      100,
      1.0
    ],
    [
      110,
      1.0
    ],
    [
      120,
      1.0
    ],
    [
      130,
      1.0
    ],
    [
      140,
      1.0
    ],
    [
      150,
      1.0
    ],
    [
      160,
      1.0
    ],
    [
      170,
      1.0
    ],
    [
      180,
      1.0
    ],
    [
      190,
      1.0
    ],
    [
      200,
      1.0
    ]
  ],
  "AP_E": [
    [
      10,
      0.87879
    ],
    [
      20,
      0.87879
    ],
    [
      30,
      0.87879
    ],
    [
      40,
      0.87879
    ],
    [
      50,
      0.87879
    ],
    [
      60,
      0.63636
    ],
    [
      70,
      0.63636
    ],
    [
      80,
      0.87879
    ],
    [
      90,
      0.63636
    ],
    [
      100,
      0.87879
    ],
    [
      110,
      0.87879
    ],
    [
      120,
      0.87879
    ],
    [
      130,
      0.87879
    ],
    [
      140,
      0.87879
    ],
    [
      150,
      0.87879
    ],
    [
      160,
      0.87879
    ],
    [
      170,
      0.63636
    ],
    [
      180,
      0.63636
    ],
    [
      190,
      0.63636
    ],
    [
      200,
      0.63636
    ]
  ],
  "AP_X": [
    [
      10,
      1.0
    ],
    [
      20,
      1.0
    ],
    [
      30,
      0.76162
    ],
    [
      40,
      0.76162
    ],
    [
      50,
      0.76162
    ],
    [
      60,
      0.76162
    ],
    [
      70,
      0.76162
    ],
    [
      80,
      0.76162
    ],
    [
      90,
      0.76162
    ],
    [
      100,
      0.76162
    ],
    [
      110,
      0.76162
    ],
    [
      120,
      0.76162
    ],
    [
      130,
      0.76162
    ],
    [
      140,
      0.76162
    ],
    [
      150,
      0.70661
    ],
    [
      160,
      0.76162
    ],
    [
      170,
      0.76162
    ],
    [
      180,
      0.70661
    ],
    [
      190,
      0.70661
    ],
    [
      200,
      0.70661
    ]
  ],
  "AP_A": [
    [
      10,
      0.45455
    ],
    [
      20,
      1.0
    ],
    [
      30,
      1.0
    ],
    [
      40,
      1.0
    ],
    [
      50,
      1.0
    ],
    [
      60,
      1.0
    ],
    [
      70,
      1.0
    ],
    [
      80,
      1.0
    ],
    [
      90,
      1.0
    ],
    [
      100,
      1.0
    ],
    [
      110,
      1.0
    ],
    [
      120,
      0.79221
    ],
    [
      130,
      1.0
    ],
    [
      140,
      1.0
    ],
    [
      150,
      0.79221
    ],
    [
      160,
      1.0
    ],
    [
      170,
      1.0
    ],
    [
      180,
      1.0
    ],
    [
      190,
      1.0
    ],
    [
      200,
      1.0
    ]
  ],
  "AP_Z": [
    [
      10,
      0.0
    ],
    [
      20,
      1.0
    ],
    [
      30,
      1.0
    ],
    [
      40,
      1.0
    ],
    [
      50,
      1.0
    ],
    [
      60,
      1.0
    ],
    [
      70,
      1.0
    ],
    [
      80,
      1.0
    ],
    [
      90,
      0.625
    ],
    [
      100,
      0.625
    ],
    [
      110,
      0.45455
    ],
    [
      120,
      0.45455
    ],
    [
      130,
      0.625
    ],
    [
      140,
      0.45455
    ],
    [
      150,
      0.45455
    ],
    [
      160,
      0.45455
    ],
    [
      170,
      0.45455
    ],
    [
      180,
      0.45455
    ],
    [
      190,
      0.45455
    ],
    [
      200,
      0.45455
    ]
  ],
  "AP_K": [
    [
      10,
      0.0
    ],
    [
      20,
      1.0
    ],
    [
      30,
      1.0
    ],
    [
      40,
      1.0
    ],
    [
      50,
      1.0
    ],
    [
      60,
      1.0
    ],
    [
      70,
      1.0
    ],
    [
      80,
      1.0
    ],
    [
      90,
      1.0
    ],
    [
      100,
      1.0
    ],
    [
      110,
      1.0
    ],
    [
      120,
      1.0
    ],
    [
      130,
      1.0
    ],
    [
      140,
      1.0
    ],
    [
      150,
      1.0
    ],
    [
      160,
      1.0
    ],
    [
      170,
      1.0
    ],
    [
      180,
      1.0
    ],
    [
      190,
      1.0
    ],
    [
      200,
      1.0
    ]
  ],
  "AP_S": [
    [
      10,
      1.0
    ],
    [
      20,
      1.0
    ],
    [
      30,
      1.0
    ],
    [
      40,
      1.0
    ],
    [
      50,
      1.0
    ],
    [
      60,
      1.0
    ],
    [
      70,
      1.0
    ],
    [
      80,
      1.0
    ],
    [
      90,
      1.0
    ],
    [
      100,
      1.0
    ],
    [
      110,
      1.0
    ],
    [
      120,
      1.0
    ],
    [
      130,
      1.0
    ],
    [
      140,
      1.0
    ],
    [
      150,
      1.0
    ],
    [
      160,
      1.0
    ],
    [
      170,
      1.0
    ],
    [
      180,
      1.0
    ],
    [
      190,
      1.0
    ],
    [
      200,
      1.0
    ]
  ],
  "AP_7": [
    [
      10,
      1.0
    ],
    [
      20,
      1.0
    ],
    [
      30,
      1.0
    ],
    [
      40,
      1.0
    ],
    [
      50,
      0.83896
    ],
    [
      60,
      0.83896
    ],
    [
      70,
      0.83896
    ],
    [
      80,
      0.83896
    ],
    [
      90,
      0.83896
    ],
    [
      100,
      0.83896
    ],
    [
      110,
      0.83896
    ],
    [
      120,
      0.83896
    ],
    [
      130,
      0.83896
    ],
    [
      140,
      0.83896
    ],
    [
      150,
      0.83896
    ],
    [
      160,
      0.83896
    ],
    [
      170,
      0.83896
    ],
    [
      180,
      0.83896
    ],
    [
      190,
      0.83896
    ],
    [
      200,
      0.83896
    ]
  ],
  "AP_5": [
    [
      10,
      1.0
    ],
    [
      20,
      1.0
    ],
    [
      30,
      1.0
    ],
    [
      40,
      1.0
    ],
    [
      50,
      1.0
    ],
    [
      60,
      1.0
    ],
    [
      70,
      1.0
    ],
    [
      80,
      1.0
    ],
    [
      90,
      1.0
    ],
    [
      100,
      1.0
    ],
    [
      110,
      1.0
    ],
    [
      120,
      1.0
    ],
    [
      130,
      0.94805
    ],
    [
      140,
      1.0
    ],
    [
      150,
      1.0
    ],
    [
      160,
      1.0
    ],
    [
      170,
      0.94805
    ],
    [
      180,
      0.94805
    ],
    [
      190,
      0.94805
    ],
    [
      200,
      0.94805
    ]
  ],
  "AP_D": [
    [
      10,
      0.54545
    ],
    [
      20,
      1.0
    ],
    [
      30,
      1.0
    ],
    [
      40,
      1.0
    ],
    [
      50,
      1.0
    ],
    [
      60,
      1.0
    ],
    [
      70,
      1.0
    ],
    [
      80,
      1.0
    ],
    [
      90,
      1.0
    ],
    [
      100,
      1.0
    ],
    [
      110,
      1.0
    ],
    [
      120,
      1.0
    ],
    [
      130,
      1.0
    ],
    [
      140,
      1.0
    ],
    [
      150,
      1.0
    ],
    [
      160,
      1.0
    ],
    [
      170,
      1.0
    ],
    [
      180,
      1.0
    ],
    [
      190,
      1.0
    ],
    [
      200,
      1.0
    ]
  ],
  "AP_F": [
    [
      10,
      0.0
    ],
    [
      20,
      0.79221
    ],
    [
      30,
      0.79221
    ],
    [
      40,
      0.79221
    ],
    [
      50,
      0.79221
    ],
    [
      60,
      0.79221
    ],
    [
      70,
      0.79221
    ],
    [
      80,
      0.79221
    ],
    [
      90,
      0.79221
    ],
    [
      100,
      0.79221
    ],
    [
      110,
      0.79221
    ],
    [
      120,
      0.79221
    ],
    [
      130,
      0.79221
    ],
    [
      140,
      0.79221
    ],
    [
      150,
      0.79221
    ],
    [
      160,
      0.79221
    ],
    [
      170,
      0.79221
    ],
    [
      180,
      0.79221
    ],
    [
      190,
      0.79221
    ],
    [
      200,
      0.79221
    ]
  ],
  "AP_I": [
    [
      10,
      0.0
    ],
    [
      20,
      0.45455
    ],
    [
      30,
      0.55556
    ],
    [
      40,
      0.45455
    ],
    [
      50,
      0.55556
    ],
    [
      60,
      0.55556
    ],
    [
      70,
      1.0
    ],
    [
      80,
      0.45455
    ],
    [
      90,
      0.45455
    ],
    [
      100,
      0.80195
    ],
    [
      110,
      0.45455
    ],
    [
      120,
      0.45455
    ],
    [
      130,
      0.45455
    ],
    [
      140,
      0.80195
    ],
    [
      150,
      0.45455
    ],
    [
      160,
      0.45455
    ],
    [
      170,
      0.45455
    ],
    [
      180,
      0.45455
    ],
    [
      190,
      0.45455
    ],
    [
      200,
      0.45455
    ]
  ],
  "AP_8": [
    [
      10,
      1.0
    ],
    [
      20,
      1.0
    ],
    [
      30,
      1.0
    ],
    [
      40,
      1.0
    ],
    [
      50,
      1.0
    ],
    [
      60,
      1.0
    ],
    [
      70,
      1.0
    ],
    [
      80,
      1.0
    ],
    [
      90,
      1.0
    ],
    [
      100,
      1.0
    ],
    [
      110,
      1.0
    ],
    [
      120,
      1.0
    ],
    [
      130,
      1.0
    ],
    [
      140,
      1.0
    ],
    [
      150,
      1.0
    ],
    [
      160,
      1.0
    ],
    [
      170,
      1.0
    ],
    [
      180,
      1.0
    ],
    [
      190,
      1.0
    ],
    [
      200,
      1.0
    ]
  ],
  "AP_W": [
    [
      10,
      0.0
    ],
    [
      20,
      1.0
    ],
    [
      30,
      1.0
    ],
    [
      40,
      1.0
    ],
    [
      50,
      1.0
    ],
    [
      60,
      1.0
    ],
    [
      70,
      1.0
    ],
    [
      80,
      1.0
    ],
    [
      90,
      1.0
    ],
    [
      100,
      1.0
    ],
    [
      110,
      1.0
    ],
    [
      120,
      1.0
    ],
    [
      130,
      1.0
    ],
    [
      140,
      1.0
    ],
    [
      150,
      1.0
    ],
    [
      160,
      1.0
    ],
    [
      170,
      1.0
    ],
    [
      180,
      1.0
    ],
    [
      190,
      1.0
    ],
    [
      200,
      1.0
    ]
  ],
  "AP_L": [
    [
      10,
      0.81818
    ],
    [
      20,
      0.8474
    ],
    [
      30,
      0.8474
    ],
    [
      40,
      1.0
    ],
    [
      50,
      1.0
    ],
    [
      60,
      1.0
    ],
    [
      70,
      0.8474
    ],
    [
      80,
      1.0
    ],
    [
      90,
      1.0
    ],
    [
      100,
      1.0
    ],
    [
      110,
      1.0
    ],
    [
      120,
      1.0
    ],
    [
      130,
      1.0
    ],
    [
      140,
      1.0
    ],
    [
      150,
      1.0
    ],
    [
      160,
      1.0
    ],
    [
      170,
      1.0
    ],
    [
      180,
      1.0
    ],
    [
      190,
      1.0
    ],
    [
      200,
      1.0
    ]
  ],
  "AP_M": [
    [
      10,
      0.54545
    ],
    [
      20,
      1.0
    ],
    [
      30,
      1.0
    ],
    [
      40,
      1.0
    ],
    [
      50,
      1.0
    ],
    [
      60,
      1.0
    ],
    [
      70,
      1.0
    ],
    [
      80,
      1.0
    ],
    [
      90,
      1.0
    ],
    [
      100,
      1.0
    ],
    [
      110,
      1.0
    ],
    [
      120,
      1.0
    ],
    [
      130,
      1.0
    ],
    [
      140,
      1.0
    ],
    [
      150,
      1.0
    ],
    [
      160,
      1.0
    ],
    [
      170,
      1.0
    ],
    [
      180,
      1.0
    ],
    [
      190,
      1.0
    ],
    [
      200,
      1.0
    ]
  ],
  "AP_3": [
    [
      10,
      1.0
    ],
    [
      20,
      1.0
    ],
    [
      30,
      1.0
    ],
    [
      40,
      1.0
    ],
    [
      50,
      1.0
    ],
    [
      60,
      1.0
    ],
    [
      70,
      1.0
    ],
    [
      80,
      1.0
    ],
    [
      90,
      1.0
    ],
    [
      100,
      1.0
    ],
    [
      110,
      1.0
    ],
    [
      120,
      1.0
    ],
    [
      130,
      1.0
    ],
    [
      140,
      1.0
    ],
    [
      150,
      1.0
    ],
    [
      160,
      1.0
    ],
    [
      170,
      1.0
    ],
    [
      180,
      1.0
    ],
    [
      190,
      1.0
    ],
    [
      200,
      1.0
    ]
  ],
  "mean": 123.5,
  "std": 58.395,
  "label_type": "detection",
  "data_type": "image",
  "labels": [
    "T",
    "2",
    "Y",
    "6",
    "H",
    "N",
    "R",
    "J",
    "U",
    "B",
    "O",
    "P",
    "Q",
    "0",
    "C",
    "1",
    "4",
    "9",
    "G",
    "V",
    "E",
    "X",
    "A",
    "Z",
    "K",
    "S",
    "7",
    "5",
    "D",
    "F",
    "I",
    "8",
    "W",
    "L",
    "M",
    "3"
  ],
  "best_eval": {
    "epoch": 20,
    "val_acc": 0.899,
    "val_info": []
  }
}