{
  "anchors": [
    4.97,
    4.62,
    6.23,
    5.19,
    5.88,
    6.19,
    6.75,
    6.0,
    4.91,
    5.53
  ],
  "inputs": {
    "input0": [
      224,
      224,
      3
    ]
  },
  "outputs": {
    "output0": [
      7,
      7,
      75
    ]
  },
  "params_quantity": 1890651,
  "loss": [
    [
      1,
      5.83553
    ],
    [
      2,
      4.59897
    ],
    [
      3,
      4.03475
    ],
    [
      4,
      3.04708
    ],
    [
      5,
      2.5232
    ],
    [
      6,
      2.05518
    ],
    [
      7,
      1.37713
    ],
    [
      8,
      0.90949
    ],
    [
      9,
      0.78326
    ],
    [
      10,
      0.65544
    ],
    [
      11,
      0.45939
    ],
    [
      12,
      0.33285
    ],
    [
      13,
      0.24494
    ],
    [
      14,
      0.22625
    ],
    [
      15,
      0.1933
    ],
    [
      16,
      0.16772
    ],
    [
      17,
      0.13655
    ],
    [
      18,
      0.11412
    ],
    [
      19,
      0.09285
    ],
    [
      20,
      0.09343
    ],
    [
      21,
      0.09205
    ],
    [
      22,
      0.08398
    ],
    [
      23,
      0.07047
    ],
    [
      24,
      0.06344
    ],
    [
      25,
      0.07987
    ],
    [
      26,
      0.0712
    ],
    [
      27,
      0.07827
    ],
    [
      28,
      0.08211
    ],
    [
      29,
      0.07875
    ],
    [
      30,
      0.0783
    ],
    [
      31,
      0.06041
    ],
    [
      32,
      0.0569
    ],
    [
      33,
      0.03704
    ],
    [
      34,
      0.03256
    ],
    [
      35,
      0.03042
    ],
    [
      36,
      0.03109
    ],
    [
      37,
      0.03056
    ],
    [
      38,
      0.03515
    ],
    [
      39,
      0.02828
    ],
    [
      40,
      0.02556
    ],
    [
      41,
      0.0219
    ],
    [
      42,
      0.02146
    ],
    [
      43,
      0.02341
    ],
    [
      44,
      0.02178
    ],
    [
      45,
      0.01985
    ],
    [
      46,
      0.02116
    ],
    [
      47,
      0.02657
    ],
    [
      48,
      0.02448
    ],
    [
      49,
      0.02667
    ],
    [
      50,
      0.02941
    ],
    [
      51,
      0.0303
    ],
    [
      52,
      0.02407
    ],
    [
      53,
      0.02591
    ],
    [
      54,
      0.02285
    ],
    [
      55,
      0.01888
    ],
    [
      56,
      0.01836
    ],
    [
      57,
      0.01616
    ],
    [
      58,
      0.01492
    ],
    [
      59,
      0.015
    ],
    [
      60,
      0.01804
    ],
    [
      61,
      0.01995
    ],
    [
      62,
      0.03236
    ],
    [
      63,
      0.03086
    ],
    [
      64,
      0.02285
    ],
    [
      65,
      0.01924
    ],
    [
      66,
      0.02256
    ],
    [
      67,
      0.01892
    ],
    [
      68,
      0.01454
    ],
    [
      69,
      0.01304
    ],
    [
      70,
      0.01122
    ],
    [
      71,
      0.0138
    ],
    [
      72,
      0.01209
    ],
    [
      73,
      0.01202
    ],
    [
      74,
      0.01251
    ],
    [
      75,
      0.01209
    ],
    [
      76,
      0.01198
    ],
    [
      77,
      0.01308
    ],
    [
      78,
      0.01225
    ],
    [
      79,
      0.01057
    ],
    [
      80,
      0.0117
    ],
    [
      81,
      0.00873
    ],
    [
      82,
      0.0092
    ],
    [
      83,
      0.00876
    ],
    [
      84,
      0.00964
    ],
    [
      85,
      0.00788
    ],
    [
      86,
      0.00733
    ],
    [
      87,
      0.00705
    ],
    [
      88,
      0.00764
    ],
    [
      89,
      0.00773
    ],
    [
      90,
      0.00767
    ],
    [
      91,
      0.00782
    ],
    [
      92,
      0.00722
    ],
    [
      93,
      0.00686
    ],
    [
      94,
      0.00643
    ],
    [
      95,
      0.00718
    ],
    [
      96,
      0.00635
    ],
    [
      97,
      0.0064
    ],
    [
      98,
      0.00838
    ],
    [
      99,
      0.00799
    ],
    [
      100,
      0.00803
    ],
    [
      101,
      0.00804
    ],
    [
      102,
      0.00785
    ],
    [
      103,
      0.00716
    ],
    [
      104,
      0.00645
    ],
    [
      105,
      0.00616
    ],
    [
      106,
      0.00637
    ],
    [
      107,
      0.00641
    ],
    [
      108,
      0.00704
    ],
    [
      109,
      0.00646
    ],
    [
      110,
      0.0068
    ],
    [
      111,
      0.00662
    ],
    [
      112,
      0.00558
    ],
    [
      113,
      0.00628
    ],
    [
      114,
      0.00563
    ],
    [
      115,
      0.00598
    ],
    [
      116,
      0.00572
    ],
    [
      117,
      0.00568
    ],
    [
      118,
      0.00515
    ],
    [
      119,
      0.00499
    ],
    [
      120,
      0.00449
    ],
    [
      121,
      0.00515
    ],
    [
      122,
      0.00481
    ],
    [
      123,
      0.00514
    ],
    [
      124,
      0.00469
    ],
    [
      125,
      0.00435
    ],
    [
      126,
      0.00503
    ],
    [
      127,
      0.00499
    ],
    [
      128,
      0.00588
    ],
    [
      129,
      0.00584
    ],
    [
      130,
      0.00537
    ],
    [
      131,
      0.00561
    ],
    [
      132,
      0.00525
    ],
    [
      133,
      0.00589
    ],
    [
      134,
      0.00505
    ],
    [
      135,
      0.00542
    ],
    [
      136,
      0.00502
    ],
    [
      137,
      0.00443
    ],
    [
      138,
      0.00445
    ],
    [
      139,
      0.00421
    ],
    [
      140,
      0.00437
    ],
    [
      141,
      0.00426
    ],
    [
      142,
      0.00466
    ],
    [
      143,
      0.00407
    ],
    [
      144,
      0.00415
    ],
    [
      145,
      0.00435
    ],
    [
      146,
      0.00423
    ],
    [
      147,
      0.00397
    ],
    [
      148,
      0.00382
    ],
    [
      149,
      0.00403
    ],
    [
      150,
      0.0037
    ]
  ],
  "acc": [
    [
      1,
      0.21145
    ],
    [
      2,
      0.2464
    ],
    [
      3,
      0.30167
    ],
    [
      4,
      0.34315
    ],
    [
      5,
      0.32714
    ],
    [
      6,
      0.29532
    ],
    [
      7,
      0.32413
    ],
    [
      8,
      0.32872
    ],
    [
      9,
      0.31713
    ],
    [
      10,
      0.30508
    ],
    [
      11,
      0.29181
    ],
    [
      12,
      0.2733
    ],
    [
      13,
      0.28353
    ],
    [
      14,
      0.29427
    ],
    [
      15,
      0.28351
    ],
    [
      16,
      0.28014
    ],
    [
      17,
      0.28616
    ],
    [
      18,
      0.27924
    ],
    [
      19,
      0.26346
    ],
    [
      20,
      0.27263
    ],
    [
      21,
      0.2747
    ],
    [
      22,
      0.26439
    ],
    [
      23,
      0.2697
    ],
    [
      24,
      0.27004
    ],
    [
      25,
      0.26694
    ],
    [
      26,
      0.2676
    ],
    [
      27,
      0.26773
    ],
    [
      28,
      0.26242
    ],
    [
      29,
      0.26358
    ],
    [
      30,
      0.26852
    ],
    [
      31,
      0.26849
    ],
    [
      32,
      0.26722
    ],
    [
      33,
      0.2669
    ],
    [
      34,
      0.26897
    ],
    [
      35,
      0.27192
    ],
    [
      36,
      0.27817
    ],
    [
      37,
      0.28005
    ],
    [
      38,
      0.27707
    ],
    [
      39,
      0.27561
    ],
    [
      40,
      0.27671
    ],
    [
      41,
      0.27347
    ],
    [
      42,
      0.26982
    ],
    [
      43,
      0.27525
    ],
    [
      44,
      0.27448
    ],
    [
      45,
      0.27434
    ],
    [
      46,
      0.27066
    ],
    [
      47,
      0.26852
    ],
    [
      48,
      0.27189
    ],
    [
      49,
      0.27086
    ],
    [
      50,
      0.27243
    ],
    [
      51,
      0.27206
    ],
    [
      52,
      0.27673
    ],
    [
      53,
      0.27859
    ],
    [
      54,
      0.27172
    ],
    [
      55,
      0.26961
    ],
    [
      56,
      0.26906
    ],
    [
      57,
      0.26936
    ],
    [
      58,
      0.27178
    ],
    [
      59,
      0.27285
    ],
    [
      60,
      0.27383
    ],
    [
      61,
      0.27376
    ],
    [
      62,
      0.26931
    ],
    [
      63,
      0.26678
    ],
    [
      64,
      0.26397
    ],
    [
      65,
      0.26735
    ],
    [
      66,
      0.26844
    ],
    [
      67,
      0.2686
    ],
    [
      68,
      0.26902
    ],
    [
      69,
      0.272
    ],
    [
      70,
      0.27224
    ],
    [
      71,
      0.27272
    ],
    [
      72,
      0.27137
    ],
    [
      73,
      0.27125
    ],
    [
      74,
      0.27305
    ],
    [
      75,
      0.27269
    ],
    [
      76,
      0.26917
    ],
    [
      77,
      0.27288
    ],
    [
      78,
      0.27283
    ],
    [
      79,
      0.27168
    ],
    [
      80,
      0.27187
    ],
    [
      81,
      0.27358
    ],
    [
      82,
      0.2729
    ],
    [
      83,
      0.27082
    ],
    [
      84,
      0.27176
    ],
    [
      85,
      0.27046
    ],
    [
      86,
      0.27181
    ],
    [
      87,
      0.27113
    ],
    [
      88,
      0.27002
    ],
    [
      89,
      0.26827
    ],
    [
      90,
      0.26911
    ],
    [
      91,
      0.27072
    ],
    [
      92,
      0.2721
    ],
    [
      93,
      0.27238
    ],
    [
      94,
      0.26891
    ],
    [
      95,
      0.26902
    ],
    [
      96,
      0.26922
    ],
    [
      97,
      0.26988
    ],
    [
      98,
      0.27175
    ],
    [
      99,
      0.27192
    ],
    [
      100,
      0.27269
    ],
    [
      101,
      0.27336
    ],
    [
      102,
      0.27488
    ],
    [
      103,
      0.27206
    ],
    [
      104,
      0.27168
    ],
    [
      105,
      0.27162
    ],
    [
      106,
      0.27288
    ],
    [
      107,
      0.27305
    ],
    [
      108,
      0.27266
    ],
    [
      109,
      0.2717
    ],
    [
      110,
      0.26999
    ],
    [
      111,
      0.26922
    ],
    [
      112,
      0.26956
    ],
    [
      113,
      0.27075
    ],
    [
      114,
      0.26886
    ],
    [
      115,
      0.26805
    ],
    [
      116,
      0.27051
    ],
    [
      117,
      0.27338
    ],
    [
      118,
      0.27134
    ],
    [
      119,
      0.2715
    ],
    [
      120,
      0.26849
    ],
    [
      121,
      0.27154
    ],
    [
      122,
      0.27272
    ],
    [
      123,
      0.27316
    ],
    [
      124,
      0.27243
    ],
    [
      125,
      0.27215
    ],
    [
      126,
      0.27217
    ],
    [
      127,
      0.27047
    ],
    [
      128,
      0.27136
    ],
    [
      129,
      0.27058
    ],
    [
      130,
      0.2719
    ],
    [
      131,
      0.27248
    ],
    [
      132,
      0.27255
    ],
    [
      133,
      0.27536
    ],
    [
      134,
      0.27482
    ],
    [
      135,
      0.2756
    ],
    [
      136,
      0.27164
    ],
    [
      137,
      0.27142
    ],
    [
      138,
      0.27058
    ],
    [
      139,
      0.27376
    ],
    [
      140,
      0.27484
    ],
    [
      141,
      0.27317
    ],
    [
      142,
      0.27406
    ],
    [
      143,
      0.27347
    ],
    [
      144,
      0.27313
    ],
    [
      145,
      0.27299
    ],
    [
      146,
      0.27474
    ],
    [
      147,
      0.27282
    ],
    [
      148,
      0.27258
    ],
    [
      149,
      0.27333
    ],
    [
      150,
      0.27398
    ]
  ],
  "lr": [
    [
      1,
      0.001
    ],
    [
      2,
      0.00098
    ],
    [
      3,
      0.00097
    ],
    [
      4,
      0.00095
    ],
    [
      5,
      0.00094
    ],
    [
      6,
      0.00093
    ],
    [
      7,
      0.00091
    ],
    [
      8,
      0.0009
    ],
    [
      9,
      0.00088
    ],
    [
      10,
      0.00087
    ],
    [
      11,
      0.00086
    ],
    [
      12,
      0.00084
    ],
    [
      13,
      0.00083
    ],
    [
      14,
      0.00082
    ],
    [
      15,
      0.00081
    ],
    [
      16,
      0.00079
    ],
    [
      17,
      0.00078
    ],
    [
      18,
      0.00077
    ],
    [
      19,
      0.00076
    ],
    [
      20,
      0.00075
    ],
    [
      21,
      0.00074
    ],
    [
      22,
      0.00072
    ],
    [
      23,
      0.00071
    ],
    [
      24,
      0.0007
    ],
    [
      25,
      0.00069
    ],
    [
      26,
      0.00068
    ],
    [
      27,
      0.00067
    ],
    [
      28,
      0.00066
    ],
    [
      29,
      0.00065
    ],
    [
      30,
      0.00064
    ],
    [
      31,
      0.00063
    ],
    [
      32,
      0.00062
    ],
    [
      33,
      0.00061
    ],
    [
      34,
      0.0006
    ],
    [
      35,
      0.00059
    ],
    [
      36,
      0.00058
    ],
    [
      37,
      0.00058
    ],
    [
      38,
      0.00057
    ],
    [
      39,
      0.00056
    ],
    [
      40,
      0.00055
    ],
    [
      41,
      0.00054
    ],
    [
      42,
      0.00053
    ],
    [
      43,
      0.00052
    ],
    [
      44,
      0.00052
    ],
    [
      45,
      0.00051
    ],
    [
      46,
      0.0005
    ],
    [
      47,
      0.00049
    ],
    [
      48,
      0.00049
    ],
    [
      49,
      0.00048
    ],
    [
      50,
      0.00047
    ],
    [
      51,
      0.00046
    ],
    [
      52,
      0.00046
    ],
    [
      53,
      0.00045
    ],
    [
      54,
      0.00044
    ],
    [
      55,
      0.00044
    ],
    [
      56,
      0.00043
    ],
    [
      57,
      0.00042
    ],
    [
      58,
      0.00042
    ],
    [
      59,
      0.00041
    ],
    [
      60,
      0.0004
    ],
    [
      61,
      0.0004
    ],
    [
      62,
      0.00039
    ],
    [
      63,
      0.00039
    ],
    [
      64,
      0.00038
    ],
    [
      65,
      0.00037
    ],
    [
      66,
      0.00037
    ],
    [
      67,
      0.00036
    ],
    [
      68,
      0.00036
    ],
    [
      69,
      0.00035
    ],
    [
      70,
      0.00035
    ],
    [
      71,
      0.00034
    ],
    [
      72,
      0.00034
    ],
    [
      73,
      0.00033
    ],
    [
      74,
      0.00033
    ],
    [
      75,
      0.00032
    ],
    [
      76,
      0.00032
    ],
    [
      77,
      0.00031
    ],
    [
      78,
      0.00031
    ],
    [
      79,
      0.0003
    ],
    [
      80,
      0.0003
    ],
    [
      81,
      0.00029
    ],
    [
      82,
      0.00029
    ],
    [
      83,
      0.00028
    ],
    [
      84,
      0.00028
    ],
    [
      85,
      0.00028
    ],
    [
      86,
      0.00027
    ],
    [
      87,
      0.00027
    ],
    [
      88,
      0.00026
    ],
    [
      89,
      0.00026
    ],
    [
      90,
      0.00026
    ],
    [
      91,
      0.00025
    ],
    [
      92,
      0.00025
    ],
    [
      93,
      0.00024
    ],
    [
      94,
      0.00024
    ],
    [
      95,
      0.00024
    ],
    [
      96,
      0.00023
    ],
    [
      97,
      0.00023
    ],
    [
      98,
      0.00023
    ],
    [
      99,
      0.00022
    ],
    [
      100,
      0.00022
    ],
    [
      101,
      0.00022
    ],
    [
      102,
      0.00021
    ],
    [
      103,
      0.00021
    ],
    [
      104,
      0.00021
    ],
    [
      105,
      0.0002
    ],
    [
      106,
      0.0002
    ],
    [
      107,
      0.0002
    ],
    [
      108,
      0.00019
    ],
    [
      109,
      0.00019
    ],
    [
      110,
      0.00019
    ],
    [
      111,
      0.00018
    ],
    [
      112,
      0.00018
    ],
    [
      113,
      0.00018
    ],
    [
      114,
      0.00018
    ],
    [
      115,
      0.00017
    ],
    [
      116,
      0.00017
    ],
    [
      117,
      0.00017
    ],
    [
      118,
      0.00017
    ],
    [
      119,
      0.00016
    ],
    [
      120,
      0.00016
    ],
    [
      121,
      0.00016
    ],
    [
      122,
      0.00016
    ],
    [
      123,
      0.00015
    ],
    [
      124,
      0.00015
    ],
    [
      125,
      0.00015
    ],
    [
      126,
      0.00015
    ],
    [
      127,
      0.00014
    ],
    [
      128,
      0.00014
    ],
    [
      129,
      0.00014
    ],
    [
      130,
      0.00014
    ],
    [
      131,
      0.00014
    ],
    [
      132,
      0.00013
    ],
    [
      133,
      0.00013
    ],
    [
      134,
      0.00013
    ],
    [
      135,
      0.00013
    ],
    [
      136,
      0.00013
    ],
    [
      137,
      0.00012
    ],
    [
      138,
      0.00012
    ],
    [
      139,
      0.00012
    ],
    [
      140,
      0.00012
    ],
    [
      141,
      0.00012
    ],
    [
      142,
      0.00011
    ],
    [
      143,
      0.00011
    ],
    [
      144,
      0.00011
    ],
    [
      145,
      0.00011
    ],
    [
      146,
      0.00011
    ],
    [
      147,
      0.00011
    ],
    [
      148,
      0.0001
    ],
    [
      149,
      0.0001
    ],
    [
      150,
      0.0001
    ]
  ],
  "val_acc": [
    [
      10,
      0.0
    ],
    [
      20,
      0.16364
    ],
    [
      30,
      0.48561
    ],
    [
      40,
      0.6947
    ],
    [
      50,
      0.80379
    ],
    [
      60,
      0.83697
    ],
    [
      70,
      0.88848
    ],
    [
      80,
      0.89333
    ],
    [
      90,
      0.89515
    ],
    [
      100,
      0.91121
    ],
    [
      110,
      0.92758
    ],
    [
      120,
      0.92758
    ],
    [
      130,
      0.92758
    ],
    [
      140,
      0.92758
    ],
    [
      150,
      0.92758
    ]
  ],
  "AP_2": [
    [
      10,
      0.0
    ],
    [
      20,
      0.27273
    ],
    [
      30,
      0.54545
    ],
    [
      40,
      0.81818
    ],
    [
      50,
      0.81818
    ],
    [
      60,
      0.81818
    ],
    [
      70,
      0.81818
    ],
    [
      80,
      0.81818
    ],
    [
      90,
      0.65455
    ],
    [
      100,
      0.65455
    ],
    [
      110,
      0.81818
    ],
    [
      120,
      0.81818
    ],
    [
      130,
      0.81818
    ],
    [
      140,
      0.81818
    ],
    [
      150,
      0.81818
    ]
  ],
  "AP_4": [
    [
      10,
      0.0
    ],
    [
      20,
      0.45455
    ],
    [
      30,
      0.81818
    ],
    [
      40,
      0.54545
    ],
    [
      50,
      0.81818
    ],
    [
      60,
      0.81818
    ],
    [
      70,
      0.81818
    ],
    [
      80,
      0.65455
    ],
    [
      90,
      0.65455
    ],
    [
      100,
      0.65455
    ],
    [
      110,
      0.65455
    ],
    [
      120,
      0.65455
    ],
    [
      130,
      0.65455
    ],
    [
      140,
      0.65455
    ],
    [
      150,
      0.65455
    ]
  ],
  "AP_0": [
    [
      10,
      0.0
    ],
    [
      20,
      0.0
    ],
    [
      30,
      0.0
    ],
    [
      40,
      0.27273
    ],
    [
      50,
      0.45455
    ],
    [
      60,
      0.54545
    ],
    [
      70,
      0.81818
    ],
    [
      80,
      0.81818
    ],
    [
      90,
      1.0
    ],
    [
      100,
      1.0
    ],
    [
      110,
      1.0
    ],
    [
      120,
      1.0
    ],
    [
      130,
      1.0
    ],
    [
      140,
      1.0
    ],
    [
      150,
      1.0
    ]
  ],
  "AP_1": [
    [
      10,
      0.0
    ],
    [
      20,
      0.0
    ],
    [
      30,
      0.45455
    ],
    [
      40,
      0.81818
    ],
    [
      50,
      1.0
    ],
    [
      60,
      1.0
    ],
    [
      70,
      0.9697
    ],
    [
      80,
      1.0
    ],
    [
      90,
      1.0
    ],
    [
      100,
      1.0
    ],
    [
      110,
      1.0
    ],
    [
      120,
      1.0
    ],
    [
      130,
      1.0
    ],
    [
      140,
      1.0
    ],
    [
      150,
      1.0
    ]
  ],
  "AP_6": [
    [
      10,
      0.0
    ],
    [
      20,
      0.0
    ],
    [
      30,
      0.0
    ],
    [
      40,
      0.54545
    ],
    [
      50,
      0.54545
    ],
    [
      60,
      0.54545
    ],
    [
      70,
      0.81818
    ],
    [
      80,
      1.0
    ],
    [
      90,
      1.0
    ],
    [
      100,
      1.0
    ],
    [
      110,
      1.0
    ],
    [
      120,
      1.0
    ],
    [
      130,
      1.0
    ],
    [
      140,
      1.0
    ],
    [
      150,
      1.0
    ]
  ],
  "AP_7": [
    [
      10,
      0.0
    ],
    [
      20,
      0.0
    ],
    [
      30,
      0.27273
    ],
    [
      40,
      0.54545
    ],
    [
      50,
      1.0
    ],
    [
      60,
      1.0
    ],
    [
      70,
      1.0
    ],
    [
      80,
      1.0
    ],
    [
      90,
      1.0
    ],
    [
      100,
      1.0
    ],
    [
      110,
      1.0
    ],
    [
      120,
      1.0
    ],
    [
      130,
      1.0
    ],
    [
      140,
      1.0
    ],
    [
      150,
      1.0
    ]
  ],
  "AP_8": [
    [
      10,
      0.0
    ],
    [
      20,
      0.0
    ],
    [
      30,
      0.27273
    ],
    [
      40,
      0.52273
    ],
    [
      50,
      0.52273
    ],
    [
      60,
      0.76364
    ],
    [
      70,
      0.76364
    ],
    [
      80,
      0.76364
    ],
    [
      90,
      0.76364
    ],
    [
      100,
      0.92424
    ],
    [
      110,
      0.92424
    ],
    [
      120,
      0.92424
    ],
    [
      130,
      0.92424
    ],
    [
      140,
      0.92424
    ],
    [
      150,
      0.92424
    ]
  ],
  "AP_5": [
    [
      10,
      0.0
    ],
    [
      20,
      0.45455
    ],
    [
      30,
      0.9697
    ],
    [
      40,
      0.9697
    ],
    [
      50,
      0.9697
    ],
    [
      60,
      0.9697
    ],
    [
      70,
      0.9697
    ],
    [
      80,
      0.9697
    ],
    [
      90,
      0.9697
    ],
    [
      100,
      0.9697
    ],
    [
      110,
      0.9697
    ],
    [
      120,
      0.9697
    ],
    [
      130,
      0.9697
    ],
    [
      140,
      0.9697
    ],
    [
      150,
      0.9697
    ]
  ],
  "AP_3": [
    [
      10,
      0.0
    ],
    [
      20,
      0.45455
    ],
    [
      30,
      1.0
    ],
    [
      40,
      1.0
    ],
    [
      50,
      1.0
    ],
    [
      60,
      1.0
    ],
    [
      70,
      1.0
    ],
    [
      80,
      1.0
    ],
    [
      90,
      1.0
    ],
    [
      100,
      1.0
    ],
    [
      110,
      1.0
    ],
    [
      120,
      1.0
    ],
    [
      130,
      1.0
    ],
    [
      140,
      1.0
    ],
    [
      150,
      1.0
    ]
  ],
  "AP_9": [
    [
      10,
      0.0
    ],
    [
      20,
      0.0
    ],
    [
      30,
      0.52273
    ],
    [
      40,
      0.90909
    ],
    [
      50,
      0.90909
    ],
    [
      60,
      0.90909
    ],
    [
      70,
      0.90909
    ],
    [
      80,
      0.90909
    ],
    [
      90,
      0.90909
    ],
    [
      100,
      0.90909
    ],
    [
      110,
      0.90909
    ],
    [
      120,
      0.90909
    ],
    [
      130,
      0.90909
    ],
    [
      140,
      0.90909
    ],
    [
      150,
      0.90909
    ]
  ],
  "mean": 123.5,
  "std": 58.395,
  "label_type": "detection",
  "data_type": "image",
  "labels": [
    "2",
    "4",
    "0",
    "1",
    "6",
    "7",
    "8",
    "5",
    "3",
    "9"
  ],
  "best_eval": {
    "epoch": 150,
    "val_acc": 0.928,
    "val_info": [
      {
        "name": "7f5485e461074add885accb4a329f0a4.jpg",
        "nickname": "0507223204_phone.jpg",
        "pred": [
          [
            11,
            -19,
            303,
            263,
            0.6288794875144958,
            1.0
          ],
          [
            8,
            8,
            311,
            311,
            0.8239986896514893,
            7.0
          ]
        ],
        "gt": [
          [
            7,
            13,
            317,
            317,
            1.0,
            7.0
          ]
        ],
        "ok": false
      },
      {
        "name": "ef6e3054b2c84461b4e7749b0669f3a1.jpg",
        "nickname": "0507225403_phone.jpg",
        "pred": [
          [
            1,
            82,
            269,
            311,
            0.7050380706787109,
            2.0
          ],
          [
            1,
            32,
            216,
            264,
            0.5191037654876709,
            9.0
          ]
        ],
        "gt": [
          [
            0,
            83,
            250,
            313,
            1.0,
            2.0
          ]
        ],
        "ok": false
      },
      {
        "name": "53ac67f7c39b465bb9fb1849b18bee67.jpg",
        "nickname": "0507224229_phone.jpg",
        "pred": [
          [
            23,
            82,
            292,
            318,
            0.7984088063240051,
            3.0
          ]
        ],
        "gt": [
          [
            26,
            79,
            210,
            317,
            1.0,
            3.0
          ]
        ],
        "ok": true
      },
      {
        "name": "b43d509e221a45d7ae418e8368bec0bc.jpg",
        "nickname": "0507223149_phone.jpg",
        "pred": [
          [
            20,
            69,
            272,
            321,
            0.6541184186935425,
            5.0
          ]
        ],
        "gt": [
          [
            39,
            103,
            240,
            310,
            1.0,
            5.0
          ]
        ],
        "ok": true
      },
      {
        "name": "36a779e2b8294c35bee45bdc7691a3dc.jpg",
        "nickname": "0507224320_phone.jpg",
        "pred": [
          [
            10,
            36,
            316,
            315,
            0.9490978121757507,
            8.0
          ]
        ],
        "gt": [
          [
            10,
            44,
            317,
            317,
            1.0,
            8.0
          ]
        ],
        "ok": true
      },
      {
        "name": "b01c2cd6cbaa43d98a6c8bc090b2e695.jpg",
        "nickname": "0507224239_phone.jpg",
        "pred": [
          [
            0,
            11,
            320,
            313,
            0.7963984608650208,
            7.0
          ]
        ],
        "gt": [
          [
            1,
            7,
            317,
            317,
            1.0,
            7.0
          ]
        ],
        "ok": true
      },
      {
        "name": "35965a1775c34cf3a5541c23be7494ec.jpg",
        "nickname": "0507225405_phone.jpg",
        "pred": [
          [
            42,
            93,
            237,
            290,
            0.7293677926063538,
            2.0
          ]
        ],
        "gt": [
          [
            46,
            99,
            229,
            290,
            1.0,
            2.0
          ]
        ],
        "ok": true
      },
      {
        "name": "09d2291ed0f5476285a414563e564072.jpg",
        "nickname": "0507225332_phone.jpg",
        "pred": [
          [
            -3,
            33,
            308,
            294,
            0.8484371304512024,
            4.0
          ]
        ],
        "gt": [
          [
            19,
            43,
            319,
            319,
            1.0,
            4.0
          ]
        ],
        "ok": true
      },
      {
        "name": "0c305f80b4a346119928e45e396e2a54.jpg",
        "nickname": "0507223229_phone.jpg",
        "pred": [
          [
            4,
            32,
            316,
            309,
            0.9305350184440613,
            6.0
          ]
        ],
        "gt": [
          [
            11,
            49,
            319,
            304,
            1.0,
            6.0
          ]
        ],
        "ok": true
      },
      {
        "name": "48fe9f3288504d2084a8924ffb0f6156.jpg",
        "nickname": "0507224339_phone.jpg",
        "pred": [
          [
            42,
            29,
            316,
            314,
            0.9038560390472412,
            0.0
          ]
        ],
        "gt": [
          [
            60,
            26,
            317,
            307,
            1.0,
            0.0
          ]
        ],
        "ok": true
      },
      {
        "name": "ce01f35030c3442fa3174c624004d889.jpg",
        "nickname": "0507224304_phone.jpg",
        "pred": [
          [
            13,
            27,
            317,
            317,
            0.9790523648262024,
            1.0
          ]
        ],
        "gt": [
          [
            3,
            31,
            317,
            317,
            1.0,
            1.0
          ]
        ],
        "ok": true
      },
      {
        "name": "1a7e0605e2e0482cbccbcfe3d9951a09.jpg",
        "nickname": "0507225344_phone.jpg",
        "pred": [
          [
            36,
            78,
            267,
            318,
            0.894670844078064,
            9.0
          ]
        ],
        "gt": [
          [
            23,
            70,
            294,
            317,
            1.0,
            9.0
          ]
        ],
        "ok": true
      },
      {
        "name": "21340816e7d1474191bd0a8dbdaef847.jpg",
        "nickname": "0507223123_phone.jpg",
        "pred": [
          [
            -28,
            76,
            243,
            355,
            0.5421362519264221,
            7.0
          ]
        ],
        "gt": [
          [
            6,
            14,
            317,
            317,
            1.0,
            1.0
          ]
        ],
        "ok": false
      },
      {
        "name": "6e1f3a29a8624a9e8c626fc1aff7050c.jpg",
        "nickname": "0507224202_phone.jpg",
        "pred": [
          [
            4,
            42,
            300,
            261,
            0.6477246880531311,
            6.0
          ]
        ],
        "gt": [
          [
            3,
            73,
            317,
            317,
            1.0,
            0.0
          ]
        ],
        "ok": false
      }
    ]
  }
}