{
  "anchors": [
    1.72,
    4.94,
    0.91,
    3.41,
    1.47,
    5.41,
    2.14,
    5.81,
    1.25,
    4.25
  ],
  "inputs": {
    "input0": [
      224,
      224,
      3
    ]
  },
  "outputs": {
    "output0": [
      7,
      7,
      30
    ]
  },
  "params_quantity": 1856046,
  "loss": [
    [
      1,
      1.76796
    ],
    [
      2,
      1.36022
    ],
    [
      3,
      1.44531
    ],
    [
      4,
      1.58188
    ],
    [
      5,
      1.205
    ],
    [
      6,
      0.54937
    ],
    [
      7,
      0.1554
    ],
    [
      8,
      0.08339
    ],
    [
      9,
      0.06834
    ],
    [
      10,
      0.07227
    ],
    [
      11,
      0.06549
    ],
    [
      12,
      0.0651
    ],
    [
      13,
      0.06139
    ],
    [
      14,
      0.0597
    ],
    [
      15,
      0.05691
    ],
    [
      16,
      0.05007
    ],
    [
      17,
      0.04853
    ],
    [
      18,
      0.04914
    ],
    [
      19,
      0.04154
    ],
    [
      20,
      0.03414
    ],
    [
      21,
      0.03003
    ],
    [
      22,
      0.02781
    ],
    [
      23,
      0.02947
    ],
    [
      24,
      0.03083
    ],
    [
      25,
      0.02991
    ],
    [
      26,
      0.02618
    ],
    [
      27,
      0.02336
    ],
    [
      28,
      0.02479
    ],
    [
      29,
      0.02841
    ],
    [
      30,
      0.02666
    ],
    [
      31,
      0.02622
    ],
    [
      32,
      0.02326
    ],
    [
      33,
      0.02536
    ],
    [
      34,
      0.02756
    ],
    [
      35,
      0.02133
    ],
    [
      36,
      0.0175
    ],
    [
      37,
      0.01669
    ],
    [
      38,
      0.038
    ],
    [
      39,
      0.02753
    ],
    [
      40,
      0.02346
    ],
    [
      41,
      0.03003
    ],
    [
      42,
      0.023
    ],
    [
      43,
      0.03509
    ],
    [
      44,
      0.02369
    ],
    [
      45,
      0.02095
    ],
    [
      46,
      0.01788
    ],
    [
      47,
      0.0164
    ],
    [
      48,
      0.01797
    ],
    [
      49,
      0.01785
    ],
    [
      50,
      0.01319
    ],
    [
      51,
      0.01074
    ],
    [
      52,
      0.01295
    ],
    [
      53,
      0.0124
    ],
    [
      54,
      0.01156
    ],
    [
      55,
      0.00974
    ],
    [
      56,
      0.01225
    ],
    [
      57,
      0.01195
    ],
    [
      58,
      0.01072
    ],
    [
      59,
      0.00911
    ],
    [
      60,
      0.00789
    ],
    [
      61,
      0.00754
    ],
    [
      62,
      0.00795
    ],
    [
      63,
      0.00695
    ],
    [
      64,
      0.00716
    ],
    [
      65,
      0.01115
    ],
    [
      66,
      0.01041
    ],
    [
      67,
      0.00956
    ],
    [
      68,
      0.01772
    ],
    [
      69,
      0.01402
    ],
    [
      70,
      0.01477
    ],
    [
      71,
      0.01269
    ],
    [
      72,
      0.01031
    ],
    [
      73,
      0.01009
    ],
    [
      74,
      0.00874
    ],
    [
      75,
      0.0069
    ],
    [
      76,
      0.00717
    ],
    [
      77,
      0.00709
    ],
    [
      78,
      0.0065
    ],
    [
      79,
      0.0103
    ],
    [
      80,
      0.00726
    ],
    [
      81,
      0.00713
    ],
    [
      82,
      0.00699
    ],
    [
      83,
      0.00754
    ],
    [
      84,
      0.00752
    ],
    [
      85,
      0.00597
    ],
    [
      86,
      0.00577
    ],
    [
      87,
      0.00554
    ],
    [
      88,
      0.0052
    ],
    [
      89,
      0.00464
    ],
    [
      90,
      0.00461
    ],
    [
      91,
      0.00398
    ],
    [
      92,
      0.00495
    ],
    [
      93,
      0.00379
    ],
    [
      94,
      0.00443
    ],
    [
      95,
      0.00477
    ],
    [
      96,
      0.00431
    ],
    [
      97,
      0.00437
    ],
    [
      98,
      0.00443
    ],
    [
      99,
      0.00467
    ],
    [
      100,
      0.00603
    ],
    [
      101,
      0.00598
    ],
    [
      102,
      0.00699
    ],
    [
      103,
      0.00609
    ],
    [
      104,
      0.00536
    ],
    [
      105,
      0.00431
    ],
    [
      106,
      0.00511
    ],
    [
      107,
      0.00441
    ],
    [
      108,
      0.00395
    ],
    [
      109,
      0.00422
    ],
    [
      110,
      0.00424
    ],
    [
      111,
      0.00553
    ],
    [
      112,
      0.00439
    ],
    [
      113,
      0.00423
    ],
    [
      114,
      0.00443
    ],
    [
      115,
      0.00415
    ],
    [
      116,
      0.00394
    ],
    [
      117,
      0.00317
    ],
    [
      118,
      0.00336
    ],
    [
      119,
      0.00347
    ],
    [
      120,
      0.00288
    ],
    [
      121,
      0.00296
    ],
    [
      122,
      0.0033
    ],
    [
      123,
      0.00294
    ],
    [
      124,
      0.0031
    ],
    [
      125,
      0.00268
    ],
    [
      126,
      0.00274
    ],
    [
      127,
      0.00399
    ],
    [
      128,
      0.0036
    ],
    [
      129,
      0.00369
    ],
    [
      130,
      0.00489
    ],
    [
      131,
      0.00412
    ],
    [
      132,
      0.00321
    ],
    [
      133,
      0.00337
    ],
    [
      134,
      0.00264
    ],
    [
      135,
      0.00336
    ],
    [
      136,
      0.00312
    ],
    [
      137,
      0.00253
    ],
    [
      138,
      0.00245
    ],
    [
      139,
      0.00212
    ],
    [
      140,
      0.00206
    ],
    [
      141,
      0.00218
    ],
    [
      142,
      0.00238
    ],
    [
      143,
      0.00272
    ],
    [
      144,
      0.00276
    ],
    [
      145,
      0.00275
    ],
    [
      146,
      0.00237
    ],
    [
      147,
      0.00224
    ],
    [
      148,
      0.00231
    ],
    [
      149,
      0.00201
    ],
    [
      150,
      0.00186
    ],
    [
      151,
      0.00209
    ],
    [
      152,
      0.00203
    ],
    [
      153,
      0.00199
    ],
    [
      154,
      0.00208
    ],
    [
      155,
      0.00208
    ],
    [
      156,
      0.00187
    ],
    [
      157,
      0.00187
    ],
    [
      158,
      0.00174
    ],
    [
      159,
      0.00166
    ],
    [
      160,
      0.00163
    ],
    [
      161,
      0.00152
    ],
    [
      162,
      0.00161
    ],
    [
      163,
      0.00173
    ],
    [
      164,
      0.00204
    ],
    [
      165,
      0.00206
    ],
    [
      166,
      0.00199
    ],
    [
      167,
      0.00235
    ],
    [
      168,
      0.00205
    ],
    [
      169,
      0.00179
    ],
    [
      170,
      0.00178
    ],
    [
      171,
      0.00172
    ],
    [
      172,
      0.00192
    ],
    [
      173,
      0.00177
    ],
    [
      174,
      0.00173
    ],
    [
      175,
      0.0016
    ],
    [
      176,
      0.00219
    ],
    [
      177,
      0.00215
    ],
    [
      178,
      0.00178
    ],
    [
      179,
      0.00171
    ],
    [
      180,
      0.00198
    ],
    [
      181,
      0.00211
    ],
    [
      182,
      0.00199
    ],
    [
      183,
      0.00191
    ],
    [
      184,
      0.00174
    ],
    [
      185,
      0.00188
    ],
    [
      186,
      0.00162
    ],
    [
      187,
      0.00161
    ],
    [
      188,
      0.00154
    ],
    [
      189,
      0.00163
    ],
    [
      190,
      0.00167
    ],
    [
      191,
      0.00179
    ],
    [
      192,
      0.00161
    ],
    [
      193,
      0.00153
    ],
    [
      194,
      0.00159
    ],
    [
      195,
      0.00152
    ],
    [
      196,
      0.00167
    ],
    [
      197,
      0.00163
    ],
    [
      198,
      0.00159
    ],
    [
      199,
      0.00157
    ],
    [
      200,
      0.00156
    ]
  ],
  "acc": [
    [
      1,
      0.0353
    ],
    [
      2,
      0.21163
    ],
    [
      3,
      0.16381
    ],
    [
      4,
      0.21334
    ],
    [
      5,
      0.19021
    ],
    [
      6,
      0.03369
    ],
    [
      7,
      0.02401
    ],
    [
      8,
      0.02337
    ],
    [
      9,
      0.02689
    ],
    [
      10,
      0.0354
    ],
    [
      11,
      0.04824
    ],
    [
      12,
      0.06327
    ],
    [
      13,
      0.07787
    ],
    [
      14,
      0.0812
    ],
    [
      15,
      0.0813
    ],
    [
      16,
      0.08752
    ],
    [
      17,
      0.09661
    ],
    [
      18,
      0.10271
    ],
    [
      19,
      0.09978
    ],
    [
      20,
      0.10361
    ],
    [
      21,
      0.10602
    ],
    [
      22,
      0.1097
    ],
    [
      23,
      0.11204
    ],
    [
      24,
      0.11581
    ],
    [
      25,
      0.11882
    ],
    [
      26,
      0.11936
    ],
    [
      27,
      0.123
    ],
    [
      28,
      0.12591
    ],
    [
      29,
      0.12316
    ],
    [
      30,
      0.12528
    ],
    [
      31,
      0.12576
    ],
    [
      32,
      0.12304
    ],
    [
      33,
      0.12375
    ],
    [
      34,
      0.12417
    ],
    [
      35,
      0.12363
    ],
    [
      36,
      0.12443
    ],
    [
      37,
      0.12467
    ],
    [
      38,
      0.12743
    ],
    [
      39,
      0.13014
    ],
    [
      40,
      0.13021
    ],
    [
      41,
      0.12945
    ],
    [
      42,
      0.13354
    ],
    [
      43,
      0.13784
    ],
    [
      44,
      0.1351
    ],
    [
      45,
      0.13685
    ],
    [
      46,
      0.13763
    ],
    [
      47,
      0.1375
    ],
    [
      48,
      0.13443
    ],
    [
      49,
      0.13329
    ],
    [
      50,
      0.13161
    ],
    [
      51,
      0.13197
    ],
    [
      52,
      0.13096
    ],
    [
      53,
      0.13144
    ],
    [
      54,
      0.13161
    ],
    [
      55,
      0.13399
    ],
    [
      56,
      0.13744
    ],
    [
      57,
      0.1376
    ],
    [
      58,
      0.13547
    ],
    [
      59,
      0.13322
    ],
    [
      60,
      0.1335
    ],
    [
      61,
      0.13597
    ],
    [
      62,
      0.13593
    ],
    [
      63,
      0.13432
    ],
    [
      64,
      0.13387
    ],
    [
      65,
      0.13482
    ],
    [
      66,
      0.13315
    ],
    [
      67,
      0.13315
    ],
    [
      68,
      0.13307
    ],
    [
      69,
      0.13249
    ],
    [
      70,
      0.13387
    ],
    [
      71,
      0.13504
    ],
    [
      72,
      0.13429
    ],
    [
      73,
      0.13603
    ],
    [
      74,
      0.1359
    ],
    [
      75,
      0.13468
    ],
    [
      76,
      0.13507
    ],
    [
      77,
      0.13483
    ],
    [
      78,
      0.13524
    ],
    [
      79,
      0.13427
    ],
    [
      80,
      0.13308
    ],
    [
      81,
      0.13453
    ],
    [
      82,
      0.13419
    ],
    [
      83,
      0.13267
    ],
    [
      84,
      0.13169
    ],
    [
      85,
      0.1305
    ],
    [
      86,
      0.13005
    ],
    [
      87,
      0.12987
    ],
    [
      88,
      0.13077
    ],
    [
      89,
      0.13081
    ],
    [
      90,
      0.13077
    ],
    [
      91,
      0.13047
    ],
    [
      92,
      0.13039
    ],
    [
      93,
      0.13032
    ],
    [
      94,
      0.12988
    ],
    [
      95,
      0.13102
    ],
    [
      96,
      0.13141
    ],
    [
      97,
      0.13201
    ],
    [
      98,
      0.13141
    ],
    [
      99,
      0.13216
    ],
    [
      100,
      0.12907
    ],
    [
      101,
      0.12727
    ],
    [
      102,
      0.128
    ],
    [
      103,
      0.12795
    ],
    [
      104,
      0.1289
    ],
    [
      105,
      0.12925
    ],
    [
      106,
      0.12928
    ],
    [
      107,
      0.12991
    ],
    [
      108,
      0.12994
    ],
    [
      109,
      0.1314
    ],
    [
      110,
      0.13071
    ],
    [
      111,
      0.13022
    ],
    [
      112,
      0.13054
    ],
    [
      113,
      0.13061
    ],
    [
      114,
      0.13102
    ],
    [
      115,
      0.13032
    ],
    [
      116,
      0.13016
    ],
    [
      117,
      0.12924
    ],
    [
      118,
      0.1299
    ],
    [
      119,
      0.13011
    ],
    [
      120,
      0.13051
    ],
    [
      121,
      0.13033
    ],
    [
      122,
      0.13049
    ],
    [
      123,
      0.13065
    ],
    [
      124,
      0.1304
    ],
    [
      125,
      0.13161
    ],
    [
      126,
      0.13136
    ],
    [
      127,
      0.13251
    ],
    [
      128,
      0.13464
    ],
    [
      129,
      0.13359
    ],
    [
      130,
      0.13399
    ],
    [
      131,
      0.13448
    ],
    [
      132,
      0.1345
    ],
    [
      133,
      0.13497
    ],
    [
      134,
      0.13545
    ],
    [
      135,
      0.1336
    ],
    [
      136,
      0.1342
    ],
    [
      137,
      0.13374
    ],
    [
      138,
      0.13309
    ],
    [
      139,
      0.13359
    ],
    [
      140,
      0.13408
    ],
    [
      141,
      0.13399
    ],
    [
      142,
      0.13398
    ],
    [
      143,
      0.1346
    ],
    [
      144,
      0.13507
    ],
    [
      145,
      0.13488
    ],
    [
      146,
      0.13409
    ],
    [
      147,
      0.13314
    ],
    [
      148,
      0.13294
    ],
    [
      149,
      0.13353
    ],
    [
      150,
      0.13389
    ],
    [
      151,
      0.13398
    ],
    [
      152,
      0.13471
    ],
    [
      153,
      0.13471
    ],
    [
      154,
      0.1354
    ],
    [
      155,
      0.13413
    ],
    [
      156,
      0.13422
    ],
    [
      157,
      0.13415
    ],
    [
      158,
      0.1345
    ],
    [
      159,
      0.13401
    ],
    [
      160,
      0.13453
    ],
    [
      161,
      0.13434
    ],
    [
      162,
      0.13458
    ],
    [
      163,
      0.13483
    ],
    [
      164,
      0.13346
    ],
    [
      165,
      0.13392
    ],
    [
      166,
      0.1341
    ],
    [
      167,
      0.13429
    ],
    [
      168,
      0.13413
    ],
    [
      169,
      0.13359
    ],
    [
      170,
      0.13378
    ],
    [
      171,
      0.13359
    ],
    [
      172,
      0.13283
    ],
    [
      173,
      0.13419
    ],
    [
      174,
      0.13389
    ],
    [
      175,
      0.13406
    ],
    [
      176,
      0.13356
    ],
    [
      177,
      0.13277
    ],
    [
      178,
      0.13286
    ],
    [
      179,
      0.13302
    ],
    [
      180,
      0.13333
    ],
    [
      181,
      0.133
    ],
    [
      182,
      0.13318
    ],
    [
      183,
      0.13274
    ],
    [
      184,
      0.13186
    ],
    [
      185,
      0.13168
    ],
    [
      186,
      0.1315
    ],
    [
      187,
      0.13168
    ],
    [
      188,
      0.13239
    ],
    [
      189,
      0.13253
    ],
    [
      190,
      0.13223
    ],
    [
      191,
      0.13216
    ],
    [
      192,
      0.13258
    ],
    [
      193,
      0.13235
    ],
    [
      194,
      0.13284
    ],
    [
      195,
      0.13253
    ],
    [
      196,
      0.13196
    ],
    [
      197,
      0.13199
    ],
    [
      198,
      0.13235
    ],
    [
      199,
      0.13234
    ],
    [
      200,
      0.13221
    ]
  ],
  "lr": [
    [
      1,
      0.001
    ],
    [
      2,
      0.00099
    ],
    [
      3,
      0.00098
    ],
    [
      4,
      0.00097
    ],
    [
      5,
      0.00095
    ],
    [
      6,
      0.00094
    ],
    [
      7,
      0.00093
    ],
    [
      8,
      0.00092
    ],
    [
      9,
      0.00091
    ],
    [
      10,
      0.0009
    ],
    [
      11,
      0.00089
    ],
    [
      12,
      0.00088
    ],
    [
      13,
      0.00087
    ],
    [
      14,
      0.00086
    ],
    [
      15,
      0.00085
    ],
    [
      16,
      0.00084
    ],
    [
      17,
      0.00083
    ],
    [
      18,
      0.00082
    ],
    [
      19,
      0.00081
    ],
    [
      20,
      0.0008
    ],
    [
      21,
      0.00079
    ],
    [
      22,
      0.00079
    ],
    [
      23,
      0.00078
    ],
    [
      24,
      0.00077
    ],
    [
      25,
      0.00076
    ],
    [
      26,
      0.00075
    ],
    [
      27,
      0.00074
    ],
    [
      28,
      0.00073
    ],
    [
      29,
      0.00072
    ],
    [
      30,
      0.00072
    ],
    [
      31,
      0.00071
    ],
    [
      32,
      0.0007
    ],
    [
      33,
      0.00069
    ],
    [
      34,
      0.00068
    ],
    [
      35,
      0.00068
    ],
    [
      36,
      0.00067
    ],
    [
      37,
      0.00066
    ],
    [
      38,
      0.00065
    ],
    [
      39,
      0.00065
    ],
    [
      40,
      0.00064
    ],
    [
      41,
      0.00063
    ],
    [
      42,
      0.00062
    ],
    [
      43,
      0.00062
    ],
    [
      44,
      0.00061
    ],
    [
      45,
      0.0006
    ],
    [
      46,
      0.0006
    ],
    [
      47,
      0.00059
    ],
    [
      48,
      0.00058
    ],
    [
      49,
      0.00058
    ],
    [
      50,
      0.00057
    ],
    [
      51,
      0.00056
    ],
    [
      52,
      0.00056
    ],
    [
      53,
      0.00055
    ],
    [
      54,
      0.00054
    ],
    [
      55,
      0.00054
    ],
    [
      56,
      0.00053
    ],
    [
      57,
      0.00052
    ],
    [
      58,
      0.00052
    ],
    [
      59,
      0.00051
    ],
    [
      60,
      0.00051
    ],
    [
      61,
      0.0005
    ],
    [
      62,
      0.0005
    ],
    [
      63,
      0.00049
    ],
    [
      64,
      0.00048
    ],
    [
      65,
      0.00048
    ],
    [
      66,
      0.00047
    ],
    [
      67,
      0.00047
    ],
    [
      68,
      0.00046
    ],
    [
      69,
      0.00046
    ],
    [
      70,
      0.00045
    ],
    [
      71,
      0.00045
    ],
    [
      72,
      0.00044
    ],
    [
      73,
      0.00044
    ],
    [
      74,
      0.00043
    ],
    [
      75,
      0.00043
    ],
    [
      76,
      0.00042
    ],
    [
      77,
      0.00042
    ],
    [
      78,
      0.00041
    ],
    [
      79,
      0.00041
    ],
    [
      80,
      0.0004
    ],
    [
      81,
      0.0004
    ],
    [
      82,
      0.00039
    ],
    [
      83,
      0.00039
    ],
    [
      84,
      0.00038
    ],
    [
      85,
      0.00038
    ],
    [
      86,
      0.00038
    ],
    [
      87,
      0.00037
    ],
    [
      88,
      0.00037
    ],
    [
      89,
      0.00036
    ],
    [
      90,
      0.00036
    ],
    [
      91,
      0.00035
    ],
    [
      92,
      0.00035
    ],
    [
      93,
      0.00035
    ],
    [
      94,
      0.00034
    ],
    [
      95,
      0.00034
    ],
    [
      96,
      0.00033
    ],
    [
      97,
      0.00033
    ],
    [
      98,
      0.00033
    ],
    [
      99,
      0.00032
    ],
    [
      100,
      0.00032
    ],
    [
      101,
      0.00032
    ],
    [
      102,
      0.00031
    ],
    [
      103,
      0.00031
    ],
    [
      104,
      0.00031
    ],
    [
      105,
      0.0003
    ],
    [
      106,
      0.0003
    ],
    [
      107,
      0.0003
    ],
    [
      108,
      0.00029
    ],
    [
      109,
      0.00029
    ],
    [
      110,
      0.00029
    ],
    [
      111,
      0.00028
    ],
    [
      112,
      0.00028
    ],
    [
      113,
      0.00028
    ],
    [
      114,
      0.00027
    ],
    [
      115,
      0.00027
    ],
    [
      116,
      0.00027
    ],
    [
      117,
      0.00026
    ],
    [
      118,
      0.00026
    ],
    [
      119,
      0.00026
    ],
    [
      120,
      0.00025
    ],
    [
      121,
      0.00025
    ],
    [
      122,
      0.00025
    ],
    [
      123,
      0.00025
    ],
    [
      124,
      0.00024
    ],
    [
      125,
      0.00024
    ],
    [
      126,
      0.00024
    ],
    [
      127,
      0.00023
    ],
    [
      128,
      0.00023
    ],
    [
      129,
      0.00023
    ],
    [
      130,
      0.00023
    ],
    [
      131,
      0.00022
    ],
    [
      132,
      0.00022
    ],
    [
      133,
      0.00022
    ],
    [
      134,
      0.00022
    ],
    [
      135,
      0.00021
    ],
    [
      136,
      0.00021
    ],
    [
      137,
      0.00021
    ],
    [
      138,
      0.00021
    ],
    [
      139,
      0.0002
    ],
    [
      140,
      0.0002
    ],
    [
      141,
      0.0002
    ],
    [
      142,
      0.0002
    ],
    [
      143,
      0.00019
    ],
    [
      144,
      0.00019
    ],
    [
      145,
      0.00019
    ],
    [
      146,
      0.00019
    ],
    [
      147,
      0.00019
    ],
    [
      148,
      0.00018
    ],
    [
      149,
      0.00018
    ],
    [
      150,
      0.00018
    ],
    [
      151,
      0.00018
    ],
    [
      152,
      0.00018
    ],
    [
      153,
      0.00017
    ],
    [
      154,
      0.00017
    ],
    [
      155,
      0.00017
    ],
    [
      156,
      0.00017
    ],
    [
      157,
      0.00017
    ],
    [
      158,
      0.00016
    ],
    [
      159,
      0.00016
    ],
    [
      160,
      0.00016
    ],
    [
      161,
      0.00016
    ],
    [
      162,
      0.00016
    ],
    [
      163,
      0.00015
    ],
    [
      164,
      0.00015
    ],
    [
      165,
      0.00015
    ],
    [
      166,
      0.00015
    ],
    [
      167,
      0.00015
    ],
    [
      168,
      0.00015
    ],
    [
      169,
      0.00014
    ],
    [
      170,
      0.00014
    ],
    [
      171,
      0.00014
    ],
    [
      172,
      0.00014
    ],
    [
      173,
      0.00014
    ],
    [
      174,
      0.00014
    ],
    [
      175,
      0.00013
    ],
    [
      176,
      0.00013
    ],
    [
      177,
      0.00013
    ],
    [
      178,
      0.00013
    ],
    [
      179,
      0.00013
    ],
    [
      180,
      0.00013
    ],
    [
      181,
      0.00013
    ],
    [
      182,
      0.00012
    ],
    [
      183,
      0.00012
    ],
    [
      184,
      0.00012
    ],
    [
      185,
      0.00012
    ],
    [
      186,
      0.00012
    ],
    [
      187,
      0.00012
    ],
    [
      188,
      0.00012
    ],
    [
      189,
      0.00011
    ],
    [
      190,
      0.00011
    ],
    [
      191,
      0.00011
    ],
    [
      192,
      0.00011
    ],
    [
      193,
      0.00011
    ],
    [
      194,
      0.00011
    ],
    [
      195,
      0.00011
    ],
    [
      196,
      0.00011
    ],
    [
      197,
      0.0001
    ],
    [
      198,
      0.0001
    ],
    [
      199,
      0.0001
    ],
    [
      200,
      0.0001
    ]
  ],
  "val_acc": [
    [
      10,
      0.0
    ],
    [
      20,
      0.7779
    ],
    [
      30,
      0.89773
    ],
    [
      40,
      0.90909
    ],
    [
      50,
      0.90909
    ],
    [
      60,
      0.90909
    ],
    [
      70,
      1.0
    ],
    [
      80,
      0.90909
    ],
    [
      90,
      1.0
    ],
    [
      100,
      0.90909
    ],
    [
      110,
      0.90909
    ],
    [
      120,
      0.90909
    ],
    [
      130,
      0.90909
    ],
    [
      140,
      0.90909
    ],
    [
      150,
      0.90909
    ],
    [
      160,
      0.90909
    ],
    [
      170,
      1.0
    ],
    [
      180,
      1.0
    ],
    [
      190,
      1.0
    ],
    [
      200,
      1.0
    ]
  ],
  "AP_content": [
    [
      10,
      0.0
    ],
    [
      20,
      0.7779
    ],
    [
      30,
      0.89773
    ],
    [
      40,
      0.90909
    ],
    [
      50,
      0.90909
    ],
    [
      60,
      0.90909
    ],
    [
      70,
      1.0
    ],
    [
      80,
      0.90909
    ],
    [
      90,
      1.0
    ],
    [
      100,
      0.90909
    ],
    [
      110,
      0.90909
    ],
    [
      120,
      0.90909
    ],
    [
      130,
      0.90909
    ],
    [
      140,
      0.90909
    ],
    [
      150,
      0.90909
    ],
    [
      160,
      0.90909
    ],
    [
      170,
      1.0
    ],
    [
      180,
      1.0
    ],
    [
      190,
      1.0
    ],
    [
      200,
      1.0
    ]
  ],
  "mean": 123.5,
  "std": 58.4,
  "label_type": "detection",
  "data_type": "image",
  "labels": [
    "content"
  ],
  "best_eval": {
    "epoch": 200,
    "val_acc": 1.0,
    "val_info": [
      {
        "name": "cf4fddcbfd514533918b98a2904b82f2.jpg",
        "nickname": "lhy (191).jpg",
        "pred": [
          [
            88,
            41,
            154,
            300,
            0.5788046717643738,
            0.0
          ]
        ],
        "gt": [
          [
            82,
            39,
            160,
            299,
            1.0,
            0.0
          ]
        ],
        "ok": true
      },
      {
        "name": "9c4bfd41c90c4b1696b050c399e0b92e.jpg",
        "nickname": "lhy (188).jpg",
        "pred": [
          [
            102,
            57,
            177,
            321,
            0.9783821105957031,
            0.0
          ]
        ],
        "gt": [
          [
            97,
            52,
            173,
            321,
            1.0,
            0.0
          ]
        ],
        "ok": true
      },
      {
        "name": "fa8302880d7449f9b906f2aa7f3c377a.jpg",
        "nickname": "lhy (199).jpg",
        "pred": [
          [
            98,
            3,
            186,
            335,
            0.9507526159286499,
            0.0
          ]
        ],
        "gt": [
          [
            85,
            0,
            189,
            357,
            1.0,
            0.0
          ]
        ],
        "ok": true
      }
    ]
  }
}